<?xml version="1.0" encoding="UTF-8" ?>
<!DOCTYPE generatorConfiguration PUBLIC "-//mybatis.org//DTD MyBatis Generator Configuration 1.0//EN" "http://mybatis.org/dtd/mybatis-generator-config_1_0.dtd" >
<generatorConfiguration>
      
  <!--   指定数据连接驱动jar地址
    <classPathEntry location="D:\ProgrammingSoft\DataBase\mysql-connector-java-5.1.7-bin.jar" />  
      
    一个数据库一个context  
    <context id="interchan">  
        注释  
        <commentGenerator >  
            <property name="suppressAllComments" value="false"/>是否取消注释  
            <property name="suppressDate" value="true" /> 是否生成注释代时间戳  
        </commentGenerator>  
          
        jdbc连接  
        <jdbcConnection driverClass="com.mysql.jdbc.Driver"  
            connectionURL="jdbc:mysql://localhost:3306/interchan" userId="root"  
            password="123" />  
          
         
        类型转换  
        <javaTypeResolver>  
            是否使用bigDecimal， false可自动转化以下类型（Long, Integer, Short, etc.）  
            <property name="forceBigDecimals" value="false"/>  
        </javaTypeResolver>  
          
        生成实体类地址    
        <javaModelGenerator targetPackage="entity"  
            targetProject="AAA" >  
            是否在当前路径下新加一层schema,eg：fase路径com.oop.eksp.user.model， true:com.oop.eksp.user.model.[schemaName]  
            <property name="enableSubPackages" value="false"/>  
            是否针对string类型的字段在set的时候进行trim调用  
            <property name="trimStrings" value="true"/>  
        </javaModelGenerator>  
      
          
        配置表信息 
        <table schema="root" tableName="bp_apply_info_h"  
            domainObjectName="UserEntity" enableCountByExample="false"  
            enableDeleteByExample="false" enableSelectByExample="false"  
            enableUpdateByExample="false">  
        </table>  
  
    </context>   -->
     <classPathEntry  
        location="D:\ProgrammingSoft\DataBase\mysql-connector-java-5.1.7-bin.jar" />  
    <context id="context1">  
    	<!-- 生成的Java文件的编码 -->
    	<property name="javaFileEncoding" value="UTF-8"/>
    	<plugin type="LombokPlugin">
             <!-- enable annotations -->
             <property name="builder" value="false"/>
             <property name="allArgsConstructor" value="false"/>
        </plugin>
        <commentGenerator type="MyCommentGenerator">  
            <!-- 是否去除自动生成的注释 true：是 ： :否 -->  
            <property name="suppressAllComments" value="false"/>  
        </commentGenerator>  
        <!-- 数据库链接URL、用户名、密码 -->  
        <jdbcConnection driverClass="com.mysql.jdbc.Driver"  
            connectionURL="jdbc:mysql://192.168.1.200:3309/interchan?useUnicode=true&amp;characterEncoding=utf8" userId="petecat_mysql" password="1" />  
        <!-- 生成模型的包名和位置 -->  
        <javaModelGenerator  targetPackage="entity" targetProject="AAA/src">
        	<property name="immutable" value="true" />
        	</javaModelGenerator> 
        <!-- 生成的映射文件报名和位置 -->  
        <sqlMapGenerator targetPackage="mapper" targetProject="AAA/src" />  
        <!-- 生成DAO的包名和位置 -->  
        <javaClientGenerator targetPackage="dao" targetProject="AAA/src" type="XMLMAPPER" />  
        <!-- 要生成的那些表(更改tableName 和domainObjectName 就可以了) -->  
       <table tableName="%" enableCountByExample="false" enableUpdateByExample="false"  
            enableDeleteByExample="false" enableSelectByExample="false" selectByExampleQueryId="false">  
        	 <property name="rootClass" value="com.petecat.interchan.core.entity.BaseEntity" />
        </table>
		
		
    </context> 
</generatorConfiguration>