<?xml version="1.0" encoding="UTF-8" ?>
<!DOCTYPE mapper PUBLIC "-//mybatis.org//DTD Mapper 3.0//EN" "http://mybatis.org/dtd/mybatis-3-mapper.dtd" >
<mapper namespace="dao.BpApplyInfoMMapper" >
  <resultMap id="BaseResultMap" type="entity.BpApplyInfoM" >
    <constructor >
      <idArg column="APPLY_INFO_ID" jdbcType="VARCHAR" javaType="java.lang.String" />
      <arg column="CHANNEL_USER_ID" jdbcType="VARCHAR" javaType="java.lang.String" />
      <arg column="CHANNEL_CUST_ID" jdbcType="VARCHAR" javaType="java.lang.String" />
      <arg column="APPLY_DATE" jdbcType="TIMESTAMP" javaType="java.util.Date" />
      <arg column="PROD_ID" jdbcType="VARCHAR" javaType="java.lang.String" />
      <arg column="PROD_SEQ_ID" jdbcType="VARCHAR" javaType="java.lang.String" />
      <arg column="PROD_SHOW_NAME" jdbcType="VARCHAR" javaType="java.lang.String" />
      <arg column="CHANNEL_CUST_SEQID" jdbcType="VARCHAR" javaType="java.lang.String" />
      <arg column="LOANS_AMT" jdbcType="DECIMAL" javaType="java.math.BigDecimal" />
      <arg column="LOANS_TERM" jdbcType="INTEGER" javaType="java.lang.Integer" />
      <arg column="LOANS_RATE" jdbcType="DECIMAL" javaType="java.math.BigDecimal" />
      <arg column="REPAYMENT_TYPE" jdbcType="CHAR" javaType="java.lang.String" />
      <arg column="GUARANTEE_TYPE" jdbcType="CHAR" javaType="java.lang.String" />
      <arg column="PROGRESS_STATUS" jdbcType="CHAR" javaType="java.lang.String" />
      <arg column="BUSS_STATUS" jdbcType="CHAR" javaType="java.lang.String" />
      <arg column="ATTACHMENTS_ID" jdbcType="VARCHAR" javaType="java.lang.String" />
      <arg column="OPERATE_SOURCE" jdbcType="VARCHAR" javaType="java.lang.String" />
      <arg column="REAL_LOANS_AMT" jdbcType="DECIMAL" javaType="java.math.BigDecimal" />
      <arg column="REAL_LOANS_TERM" jdbcType="INTEGER" javaType="java.lang.Integer" />
      <arg column="REAL_LOANS_RATE" jdbcType="DECIMAL" javaType="java.math.BigDecimal" />
      <arg column="REAL_REPAYMENT_TYPE" jdbcType="CHAR" javaType="java.lang.String" />
      <arg column="APPLY_BUSSREF_ID" jdbcType="VARCHAR" javaType="java.lang.String" />
      <arg column="OPERATE_USER" jdbcType="VARCHAR" javaType="java.lang.String" />
      <arg column="OPERATE_TMIE" jdbcType="TIMESTAMP" javaType="java.util.Date" />
    </constructor>
  </resultMap>
  <sql id="Base_Column_List" >
    APPLY_INFO_ID, CHANNEL_USER_ID, CHANNEL_CUST_ID, APPLY_DATE, PROD_ID, PROD_SEQ_ID, 
    PROD_SHOW_NAME, CHANNEL_CUST_SEQID, LOANS_AMT, LOANS_TERM, LOANS_RATE, REPAYMENT_TYPE, 
    GUARANTEE_TYPE, PROGRESS_STATUS, BUSS_STATUS, ATTACHMENTS_ID, OPERATE_SOURCE, REAL_LOANS_AMT, 
    REAL_LOANS_TERM, REAL_LOANS_RATE, REAL_REPAYMENT_TYPE, APPLY_BUSSREF_ID, OPERATE_USER, 
    OPERATE_TMIE
  </sql>
  <select id="selectByPrimaryKey" resultMap="BaseResultMap" parameterType="java.lang.String" >
    select 
    <include refid="Base_Column_List" />
    from bp_apply_info_m
    where APPLY_INFO_ID = #{applyInfoId,jdbcType=VARCHAR}
  </select>
  <delete id="deleteByPrimaryKey" parameterType="java.lang.String" >
    delete from bp_apply_info_m
    where APPLY_INFO_ID = #{applyInfoId,jdbcType=VARCHAR}
  </delete>
  <insert id="insert" parameterType="entity.BpApplyInfoM" >
    insert into bp_apply_info_m (APPLY_INFO_ID, CHANNEL_USER_ID, CHANNEL_CUST_ID, 
      APPLY_DATE, PROD_ID, PROD_SEQ_ID, 
      PROD_SHOW_NAME, CHANNEL_CUST_SEQID, LOANS_AMT, 
      LOANS_TERM, LOANS_RATE, REPAYMENT_TYPE, 
      GUARANTEE_TYPE, PROGRESS_STATUS, BUSS_STATUS, 
      ATTACHMENTS_ID, OPERATE_SOURCE, REAL_LOANS_AMT, 
      REAL_LOANS_TERM, REAL_LOANS_RATE, REAL_REPAYMENT_TYPE, 
      APPLY_BUSSREF_ID, OPERATE_USER, OPERATE_TMIE
      )
    values (#{applyInfoId,jdbcType=VARCHAR}, #{channelUserId,jdbcType=VARCHAR}, #{channelCustId,jdbcType=VARCHAR}, 
      #{applyDate,jdbcType=TIMESTAMP}, #{prodId,jdbcType=VARCHAR}, #{prodSeqId,jdbcType=VARCHAR}, 
      #{prodShowName,jdbcType=VARCHAR}, #{channelCustSeqid,jdbcType=VARCHAR}, #{loansAmt,jdbcType=DECIMAL}, 
      #{loansTerm,jdbcType=INTEGER}, #{loansRate,jdbcType=DECIMAL}, #{repaymentType,jdbcType=CHAR}, 
      #{guaranteeType,jdbcType=CHAR}, #{progressStatus,jdbcType=CHAR}, #{bussStatus,jdbcType=CHAR}, 
      #{attachmentsId,jdbcType=VARCHAR}, #{operateSource,jdbcType=VARCHAR}, #{realLoansAmt,jdbcType=DECIMAL}, 
      #{realLoansTerm,jdbcType=INTEGER}, #{realLoansRate,jdbcType=DECIMAL}, #{realRepaymentType,jdbcType=CHAR}, 
      #{applyBussrefId,jdbcType=VARCHAR}, #{operateUser,jdbcType=VARCHAR}, #{operateTmie,jdbcType=TIMESTAMP}
      )
  </insert>
  <insert id="insertSelective" parameterType="entity.BpApplyInfoM" >
    insert into bp_apply_info_m
    <trim prefix="(" suffix=")" suffixOverrides="," >
      <if test="applyInfoId != null" >
        APPLY_INFO_ID,
      </if>
      <if test="channelUserId != null" >
        CHANNEL_USER_ID,
      </if>
      <if test="channelCustId != null" >
        CHANNEL_CUST_ID,
      </if>
      <if test="applyDate != null" >
        APPLY_DATE,
      </if>
      <if test="prodId != null" >
        PROD_ID,
      </if>
      <if test="prodSeqId != null" >
        PROD_SEQ_ID,
      </if>
      <if test="prodShowName != null" >
        PROD_SHOW_NAME,
      </if>
      <if test="channelCustSeqid != null" >
        CHANNEL_CUST_SEQID,
      </if>
      <if test="loansAmt != null" >
        LOANS_AMT,
      </if>
      <if test="loansTerm != null" >
        LOANS_TERM,
      </if>
      <if test="loansRate != null" >
        LOANS_RATE,
      </if>
      <if test="repaymentType != null" >
        REPAYMENT_TYPE,
      </if>
      <if test="guaranteeType != null" >
        GUARANTEE_TYPE,
      </if>
      <if test="progressStatus != null" >
        PROGRESS_STATUS,
      </if>
      <if test="bussStatus != null" >
        BUSS_STATUS,
      </if>
      <if test="attachmentsId != null" >
        ATTACHMENTS_ID,
      </if>
      <if test="operateSource != null" >
        OPERATE_SOURCE,
      </if>
      <if test="realLoansAmt != null" >
        REAL_LOANS_AMT,
      </if>
      <if test="realLoansTerm != null" >
        REAL_LOANS_TERM,
      </if>
      <if test="realLoansRate != null" >
        REAL_LOANS_RATE,
      </if>
      <if test="realRepaymentType != null" >
        REAL_REPAYMENT_TYPE,
      </if>
      <if test="applyBussrefId != null" >
        APPLY_BUSSREF_ID,
      </if>
      <if test="operateUser != null" >
        OPERATE_USER,
      </if>
      <if test="operateTmie != null" >
        OPERATE_TMIE,
      </if>
    </trim>
    <trim prefix="values (" suffix=")" suffixOverrides="," >
      <if test="applyInfoId != null" >
        #{applyInfoId,jdbcType=VARCHAR},
      </if>
      <if test="channelUserId != null" >
        #{channelUserId,jdbcType=VARCHAR},
      </if>
      <if test="channelCustId != null" >
        #{channelCustId,jdbcType=VARCHAR},
      </if>
      <if test="applyDate != null" >
        #{applyDate,jdbcType=TIMESTAMP},
      </if>
      <if test="prodId != null" >
        #{prodId,jdbcType=VARCHAR},
      </if>
      <if test="prodSeqId != null" >
        #{prodSeqId,jdbcType=VARCHAR},
      </if>
      <if test="prodShowName != null" >
        #{prodShowName,jdbcType=VARCHAR},
      </if>
      <if test="channelCustSeqid != null" >
        #{channelCustSeqid,jdbcType=VARCHAR},
      </if>
      <if test="loansAmt != null" >
        #{loansAmt,jdbcType=DECIMAL},
      </if>
      <if test="loansTerm != null" >
        #{loansTerm,jdbcType=INTEGER},
      </if>
      <if test="loansRate != null" >
        #{loansRate,jdbcType=DECIMAL},
      </if>
      <if test="repaymentType != null" >
        #{repaymentType,jdbcType=CHAR},
      </if>
      <if test="guaranteeType != null" >
        #{guaranteeType,jdbcType=CHAR},
      </if>
      <if test="progressStatus != null" >
        #{progressStatus,jdbcType=CHAR},
      </if>
      <if test="bussStatus != null" >
        #{bussStatus,jdbcType=CHAR},
      </if>
      <if test="attachmentsId != null" >
        #{attachmentsId,jdbcType=VARCHAR},
      </if>
      <if test="operateSource != null" >
        #{operateSource,jdbcType=VARCHAR},
      </if>
      <if test="realLoansAmt != null" >
        #{realLoansAmt,jdbcType=DECIMAL},
      </if>
      <if test="realLoansTerm != null" >
        #{realLoansTerm,jdbcType=INTEGER},
      </if>
      <if test="realLoansRate != null" >
        #{realLoansRate,jdbcType=DECIMAL},
      </if>
      <if test="realRepaymentType != null" >
        #{realRepaymentType,jdbcType=CHAR},
      </if>
      <if test="applyBussrefId != null" >
        #{applyBussrefId,jdbcType=VARCHAR},
      </if>
      <if test="operateUser != null" >
        #{operateUser,jdbcType=VARCHAR},
      </if>
      <if test="operateTmie != null" >
        #{operateTmie,jdbcType=TIMESTAMP},
      </if>
    </trim>
  </insert>
  <update id="updateByPrimaryKeySelective" parameterType="entity.BpApplyInfoM" >
    update bp_apply_info_m
    <set >
      <if test="channelUserId != null" >
        CHANNEL_USER_ID = #{channelUserId,jdbcType=VARCHAR},
      </if>
      <if test="channelCustId != null" >
        CHANNEL_CUST_ID = #{channelCustId,jdbcType=VARCHAR},
      </if>
      <if test="applyDate != null" >
        APPLY_DATE = #{applyDate,jdbcType=TIMESTAMP},
      </if>
      <if test="prodId != null" >
        PROD_ID = #{prodId,jdbcType=VARCHAR},
      </if>
      <if test="prodSeqId != null" >
        PROD_SEQ_ID = #{prodSeqId,jdbcType=VARCHAR},
      </if>
      <if test="prodShowName != null" >
        PROD_SHOW_NAME = #{prodShowName,jdbcType=VARCHAR},
      </if>
      <if test="channelCustSeqid != null" >
        CHANNEL_CUST_SEQID = #{channelCustSeqid,jdbcType=VARCHAR},
      </if>
      <if test="loansAmt != null" >
        LOANS_AMT = #{loansAmt,jdbcType=DECIMAL},
      </if>
      <if test="loansTerm != null" >
        LOANS_TERM = #{loansTerm,jdbcType=INTEGER},
      </if>
      <if test="loansRate != null" >
        LOANS_RATE = #{loansRate,jdbcType=DECIMAL},
      </if>
      <if test="repaymentType != null" >
        REPAYMENT_TYPE = #{repaymentType,jdbcType=CHAR},
      </if>
      <if test="guaranteeType != null" >
        GUARANTEE_TYPE = #{guaranteeType,jdbcType=CHAR},
      </if>
      <if test="progressStatus != null" >
        PROGRESS_STATUS = #{progressStatus,jdbcType=CHAR},
      </if>
      <if test="bussStatus != null" >
        BUSS_STATUS = #{bussStatus,jdbcType=CHAR},
      </if>
      <if test="attachmentsId != null" >
        ATTACHMENTS_ID = #{attachmentsId,jdbcType=VARCHAR},
      </if>
      <if test="operateSource != null" >
        OPERATE_SOURCE = #{operateSource,jdbcType=VARCHAR},
      </if>
      <if test="realLoansAmt != null" >
        REAL_LOANS_AMT = #{realLoansAmt,jdbcType=DECIMAL},
      </if>
      <if test="realLoansTerm != null" >
        REAL_LOANS_TERM = #{realLoansTerm,jdbcType=INTEGER},
      </if>
      <if test="realLoansRate != null" >
        REAL_LOANS_RATE = #{realLoansRate,jdbcType=DECIMAL},
      </if>
      <if test="realRepaymentType != null" >
        REAL_REPAYMENT_TYPE = #{realRepaymentType,jdbcType=CHAR},
      </if>
      <if test="applyBussrefId != null" >
        APPLY_BUSSREF_ID = #{applyBussrefId,jdbcType=VARCHAR},
      </if>
      <if test="operateUser != null" >
        OPERATE_USER = #{operateUser,jdbcType=VARCHAR},
      </if>
      <if test="operateTmie != null" >
        OPERATE_TMIE = #{operateTmie,jdbcType=TIMESTAMP},
      </if>
    </set>
    where APPLY_INFO_ID = #{applyInfoId,jdbcType=VARCHAR}
  </update>
  <update id="updateByPrimaryKey" parameterType="entity.BpApplyInfoM" >
    update bp_apply_info_m
    set CHANNEL_USER_ID = #{channelUserId,jdbcType=VARCHAR},
      CHANNEL_CUST_ID = #{channelCustId,jdbcType=VARCHAR},
      APPLY_DATE = #{applyDate,jdbcType=TIMESTAMP},
      PROD_ID = #{prodId,jdbcType=VARCHAR},
      PROD_SEQ_ID = #{prodSeqId,jdbcType=VARCHAR},
      PROD_SHOW_NAME = #{prodShowName,jdbcType=VARCHAR},
      CHANNEL_CUST_SEQID = #{channelCustSeqid,jdbcType=VARCHAR},
      LOANS_AMT = #{loansAmt,jdbcType=DECIMAL},
      LOANS_TERM = #{loansTerm,jdbcType=INTEGER},
      LOANS_RATE = #{loansRate,jdbcType=DECIMAL},
      REPAYMENT_TYPE = #{repaymentType,jdbcType=CHAR},
      GUARANTEE_TYPE = #{guaranteeType,jdbcType=CHAR},
      PROGRESS_STATUS = #{progressStatus,jdbcType=CHAR},
      BUSS_STATUS = #{bussStatus,jdbcType=CHAR},
      ATTACHMENTS_ID = #{attachmentsId,jdbcType=VARCHAR},
      OPERATE_SOURCE = #{operateSource,jdbcType=VARCHAR},
      REAL_LOANS_AMT = #{realLoansAmt,jdbcType=DECIMAL},
      REAL_LOANS_TERM = #{realLoansTerm,jdbcType=INTEGER},
      REAL_LOANS_RATE = #{realLoansRate,jdbcType=DECIMAL},
      REAL_REPAYMENT_TYPE = #{realRepaymentType,jdbcType=CHAR},
      APPLY_BUSSREF_ID = #{applyBussrefId,jdbcType=VARCHAR},
      OPERATE_USER = #{operateUser,jdbcType=VARCHAR},
      OPERATE_TMIE = #{operateTmie,jdbcType=TIMESTAMP}
    where APPLY_INFO_ID = #{applyInfoId,jdbcType=VARCHAR}
  </update>
</mapper>