<?xml version="1.0" encoding="UTF-8" ?>
<!DOCTYPE mapper PUBLIC "-//mybatis.org//DTD Mapper 3.0//EN" "http://mybatis.org/dtd/mybatis-3-mapper.dtd" >
<mapper namespace="dao.BpBusspawnRefMMapper" >
  <resultMap id="BaseResultMap" type="entity.BpBusspawnRefM" >
    <constructor >
      <idArg column="BUSSPAWN_REF_ID" jdbcType="VARCHAR" javaType="java.lang.String" />
      <arg column="CHANNEL_USER_ID" jdbcType="VARCHAR" javaType="java.lang.String" />
      <arg column="CHANNEL_CUST_ID" jdbcType="VARCHAR" javaType="java.lang.String" />
      <arg column="APPLY_INFO_ID" jdbcType="VARCHAR" javaType="java.lang.String" />
      <arg column="REF_JOIN_ID" jdbcType="VARCHAR" javaType="java.lang.String" />
      <arg column="OPERATE_USER" jdbcType="VARCHAR" javaType="java.lang.String" />
      <arg column="OPERATE_TMIE" jdbcType="TIMESTAMP" javaType="java.util.Date" />
    </constructor>
  </resultMap>
  <sql id="Base_Column_List" >
    BUSSPAWN_REF_ID, CHANNEL_USER_ID, CHANNEL_CUST_ID, APPLY_INFO_ID, REF_JOIN_ID, OPERATE_USER, 
    OPERATE_TMIE
  </sql>
  <select id="selectByPrimaryKey" resultMap="BaseResultMap" parameterType="java.lang.String" >
    select 
    <include refid="Base_Column_List" />
    from bp_busspawn_ref_m
    where BUSSPAWN_REF_ID = #{busspawnRefId,jdbcType=VARCHAR}
  </select>
  <delete id="deleteByPrimaryKey" parameterType="java.lang.String" >
    delete from bp_busspawn_ref_m
    where BUSSPAWN_REF_ID = #{busspawnRefId,jdbcType=VARCHAR}
  </delete>
  <insert id="insert" parameterType="entity.BpBusspawnRefM" >
    insert into bp_busspawn_ref_m (BUSSPAWN_REF_ID, CHANNEL_USER_ID, CHANNEL_CUST_ID, 
      APPLY_INFO_ID, REF_JOIN_ID, OPERATE_USER, 
      OPERATE_TMIE)
    values (#{busspawnRefId,jdbcType=VARCHAR}, #{channelUserId,jdbcType=VARCHAR}, #{channelCustId,jdbcType=VARCHAR}, 
      #{applyInfoId,jdbcType=VARCHAR}, #{refJoinId,jdbcType=VARCHAR}, #{operateUser,jdbcType=VARCHAR}, 
      #{operateTmie,jdbcType=TIMESTAMP})
  </insert>
  <insert id="insertSelective" parameterType="entity.BpBusspawnRefM" >
    insert into bp_busspawn_ref_m
    <trim prefix="(" suffix=")" suffixOverrides="," >
      <if test="busspawnRefId != null" >
        BUSSPAWN_REF_ID,
      </if>
      <if test="channelUserId != null" >
        CHANNEL_USER_ID,
      </if>
      <if test="channelCustId != null" >
        CHANNEL_CUST_ID,
      </if>
      <if test="applyInfoId != null" >
        APPLY_INFO_ID,
      </if>
      <if test="refJoinId != null" >
        REF_JOIN_ID,
      </if>
      <if test="operateUser != null" >
        OPERATE_USER,
      </if>
      <if test="operateTmie != null" >
        OPERATE_TMIE,
      </if>
    </trim>
    <trim prefix="values (" suffix=")" suffixOverrides="," >
      <if test="busspawnRefId != null" >
        #{busspawnRefId,jdbcType=VARCHAR},
      </if>
      <if test="channelUserId != null" >
        #{channelUserId,jdbcType=VARCHAR},
      </if>
      <if test="channelCustId != null" >
        #{channelCustId,jdbcType=VARCHAR},
      </if>
      <if test="applyInfoId != null" >
        #{applyInfoId,jdbcType=VARCHAR},
      </if>
      <if test="refJoinId != null" >
        #{refJoinId,jdbcType=VARCHAR},
      </if>
      <if test="operateUser != null" >
        #{operateUser,jdbcType=VARCHAR},
      </if>
      <if test="operateTmie != null" >
        #{operateTmie,jdbcType=TIMESTAMP},
      </if>
    </trim>
  </insert>
  <update id="updateByPrimaryKeySelective" parameterType="entity.BpBusspawnRefM" >
    update bp_busspawn_ref_m
    <set >
      <if test="channelUserId != null" >
        CHANNEL_USER_ID = #{channelUserId,jdbcType=VARCHAR},
      </if>
      <if test="channelCustId != null" >
        CHANNEL_CUST_ID = #{channelCustId,jdbcType=VARCHAR},
      </if>
      <if test="applyInfoId != null" >
        APPLY_INFO_ID = #{applyInfoId,jdbcType=VARCHAR},
      </if>
      <if test="refJoinId != null" >
        REF_JOIN_ID = #{refJoinId,jdbcType=VARCHAR},
      </if>
      <if test="operateUser != null" >
        OPERATE_USER = #{operateUser,jdbcType=VARCHAR},
      </if>
      <if test="operateTmie != null" >
        OPERATE_TMIE = #{operateTmie,jdbcType=TIMESTAMP},
      </if>
    </set>
    where BUSSPAWN_REF_ID = #{busspawnRefId,jdbcType=VARCHAR}
  </update>
  <update id="updateByPrimaryKey" parameterType="entity.BpBusspawnRefM" >
    update bp_busspawn_ref_m
    set CHANNEL_USER_ID = #{channelUserId,jdbcType=VARCHAR},
      CHANNEL_CUST_ID = #{channelCustId,jdbcType=VARCHAR},
      APPLY_INFO_ID = #{applyInfoId,jdbcType=VARCHAR},
      REF_JOIN_ID = #{refJoinId,jdbcType=VARCHAR},
      OPERATE_USER = #{operateUser,jdbcType=VARCHAR},
      OPERATE_TMIE = #{operateTmie,jdbcType=TIMESTAMP}
    where BUSSPAWN_REF_ID = #{busspawnRefId,jdbcType=VARCHAR}
  </update>
</mapper>