<?xml version="1.0" encoding="UTF-8" ?>
<!DOCTYPE mapper PUBLIC "-//mybatis.org//DTD Mapper 3.0//EN" "http://mybatis.org/dtd/mybatis-3-mapper.dtd" >
<mapper namespace="dao.BpCarExtendinfoHMapper" >
  <resultMap id="BaseResultMap" type="entity.BpCarExtendinfoH" >
    <constructor >
      <idArg column="SEQ_ID" jdbcType="VARCHAR" javaType="java.lang.String" />
      <arg column="PROD_ID" jdbcType="VARCHAR" javaType="java.lang.String" />
      <arg column="MORTGAGE_STATUS" jdbcType="CHAR" javaType="java.lang.String" />
      <arg column="MAX_MILEAGE" jdbcType="INTEGER" javaType="java.lang.Integer" />
      <arg column="OPERATE_USER" jdbcType="VARCHAR" javaType="java.lang.String" />
      <arg column="OPERATE_TMIE" jdbcType="TIMESTAMP" javaType="java.util.Date" />
    </constructor>
  </resultMap>
  <sql id="Base_Column_List" >
    SEQ_ID, PROD_ID, MORTGAGE_STATUS, MAX_MILEAGE, OPERATE_USER, OPERATE_TMIE
  </sql>
  <select id="selectByPrimaryKey" resultMap="BaseResultMap" parameterType="java.lang.String" >
    select 
    <include refid="Base_Column_List" />
    from bp_car_extendinfo_h
    where SEQ_ID = #{seqId,jdbcType=VARCHAR}
  </select>
  <delete id="deleteByPrimaryKey" parameterType="java.lang.String" >
    delete from bp_car_extendinfo_h
    where SEQ_ID = #{seqId,jdbcType=VARCHAR}
  </delete>
  <insert id="insert" parameterType="entity.BpCarExtendinfoH" >
    insert into bp_car_extendinfo_h (SEQ_ID, PROD_ID, MORTGAGE_STATUS, 
      MAX_MILEAGE, OPERATE_USER, OPERATE_TMIE
      )
    values (#{seqId,jdbcType=VARCHAR}, #{prodId,jdbcType=VARCHAR}, #{mortgageStatus,jdbcType=CHAR}, 
      #{maxMileage,jdbcType=INTEGER}, #{operateUser,jdbcType=VARCHAR}, #{operateTmie,jdbcType=TIMESTAMP}
      )
  </insert>
  <insert id="insertSelective" parameterType="entity.BpCarExtendinfoH" >
    insert into bp_car_extendinfo_h
    <trim prefix="(" suffix=")" suffixOverrides="," >
      <if test="seqId != null" >
        SEQ_ID,
      </if>
      <if test="prodId != null" >
        PROD_ID,
      </if>
      <if test="mortgageStatus != null" >
        MORTGAGE_STATUS,
      </if>
      <if test="maxMileage != null" >
        MAX_MILEAGE,
      </if>
      <if test="operateUser != null" >
        OPERATE_USER,
      </if>
      <if test="operateTmie != null" >
        OPERATE_TMIE,
      </if>
    </trim>
    <trim prefix="values (" suffix=")" suffixOverrides="," >
      <if test="seqId != null" >
        #{seqId,jdbcType=VARCHAR},
      </if>
      <if test="prodId != null" >
        #{prodId,jdbcType=VARCHAR},
      </if>
      <if test="mortgageStatus != null" >
        #{mortgageStatus,jdbcType=CHAR},
      </if>
      <if test="maxMileage != null" >
        #{maxMileage,jdbcType=INTEGER},
      </if>
      <if test="operateUser != null" >
        #{operateUser,jdbcType=VARCHAR},
      </if>
      <if test="operateTmie != null" >
        #{operateTmie,jdbcType=TIMESTAMP},
      </if>
    </trim>
  </insert>
  <update id="updateByPrimaryKeySelective" parameterType="entity.BpCarExtendinfoH" >
    update bp_car_extendinfo_h
    <set >
      <if test="prodId != null" >
        PROD_ID = #{prodId,jdbcType=VARCHAR},
      </if>
      <if test="mortgageStatus != null" >
        MORTGAGE_STATUS = #{mortgageStatus,jdbcType=CHAR},
      </if>
      <if test="maxMileage != null" >
        MAX_MILEAGE = #{maxMileage,jdbcType=INTEGER},
      </if>
      <if test="operateUser != null" >
        OPERATE_USER = #{operateUser,jdbcType=VARCHAR},
      </if>
      <if test="operateTmie != null" >
        OPERATE_TMIE = #{operateTmie,jdbcType=TIMESTAMP},
      </if>
    </set>
    where SEQ_ID = #{seqId,jdbcType=VARCHAR}
  </update>
  <update id="updateByPrimaryKey" parameterType="entity.BpCarExtendinfoH" >
    update bp_car_extendinfo_h
    set PROD_ID = #{prodId,jdbcType=VARCHAR},
      MORTGAGE_STATUS = #{mortgageStatus,jdbcType=CHAR},
      MAX_MILEAGE = #{maxMileage,jdbcType=INTEGER},
      OPERATE_USER = #{operateUser,jdbcType=VARCHAR},
      OPERATE_TMIE = #{operateTmie,jdbcType=TIMESTAMP}
    where SEQ_ID = #{seqId,jdbcType=VARCHAR}
  </update>
</mapper>