<?xml version="1.0" encoding="UTF-8" ?>
<!DOCTYPE mapper PUBLIC "-//mybatis.org//DTD Mapper 3.0//EN" "http://mybatis.org/dtd/mybatis-3-mapper.dtd" >
<mapper namespace="dao.BpCarExtendinfoTMapper" >
  <resultMap id="BaseResultMap" type="entity.BpCarExtendinfoT" >
    <constructor >
      <idArg column="PROD_ID" jdbcType="VARCHAR" javaType="java.lang.String" />
      <arg column="MORTGAGE_STATUS" jdbcType="CHAR" javaType="java.lang.String" />
      <arg column="MAX_MILEAGE" jdbcType="INTEGER" javaType="java.lang.Integer" />
      <arg column="OPERATE_USER" jdbcType="VARCHAR" javaType="java.lang.String" />
      <arg column="OPERATE_TMIE" jdbcType="TIMESTAMP" javaType="java.util.Date" />
    </constructor>
  </resultMap>
  <sql id="Base_Column_List" >
    PROD_ID, MORTGAGE_STATUS, MAX_MILEAGE, OPERATE_USER, OPERATE_TMIE
  </sql>
  <select id="selectByPrimaryKey" resultMap="BaseResultMap" parameterType="java.lang.String" >
    select 
    <include refid="Base_Column_List" />
    from bp_car_extendinfo_t
    where PROD_ID = #{prodId,jdbcType=VARCHAR}
  </select>
  <delete id="deleteByPrimaryKey" parameterType="java.lang.String" >
    delete from bp_car_extendinfo_t
    where PROD_ID = #{prodId,jdbcType=VARCHAR}
  </delete>
  <insert id="insert" parameterType="entity.BpCarExtendinfoT" >
    insert into bp_car_extendinfo_t (PROD_ID, MORTGAGE_STATUS, MAX_MILEAGE, 
      OPERATE_USER, OPERATE_TMIE)
    values (#{prodId,jdbcType=VARCHAR}, #{mortgageStatus,jdbcType=CHAR}, #{maxMileage,jdbcType=INTEGER}, 
      #{operateUser,jdbcType=VARCHAR}, #{operateTmie,jdbcType=TIMESTAMP})
  </insert>
  <insert id="insertSelective" parameterType="entity.BpCarExtendinfoT" >
    insert into bp_car_extendinfo_t
    <trim prefix="(" suffix=")" suffixOverrides="," >
      <if test="prodId != null" >
        PROD_ID,
      </if>
      <if test="mortgageStatus != null" >
        MORTGAGE_STATUS,
      </if>
      <if test="maxMileage != null" >
        MAX_MILEAGE,
      </if>
      <if test="operateUser != null" >
        OPERATE_USER,
      </if>
      <if test="operateTmie != null" >
        OPERATE_TMIE,
      </if>
    </trim>
    <trim prefix="values (" suffix=")" suffixOverrides="," >
      <if test="prodId != null" >
        #{prodId,jdbcType=VARCHAR},
      </if>
      <if test="mortgageStatus != null" >
        #{mortgageStatus,jdbcType=CHAR},
      </if>
      <if test="maxMileage != null" >
        #{maxMileage,jdbcType=INTEGER},
      </if>
      <if test="operateUser != null" >
        #{operateUser,jdbcType=VARCHAR},
      </if>
      <if test="operateTmie != null" >
        #{operateTmie,jdbcType=TIMESTAMP},
      </if>
    </trim>
  </insert>
  <update id="updateByPrimaryKeySelective" parameterType="entity.BpCarExtendinfoT" >
    update bp_car_extendinfo_t
    <set >
      <if test="mortgageStatus != null" >
        MORTGAGE_STATUS = #{mortgageStatus,jdbcType=CHAR},
      </if>
      <if test="maxMileage != null" >
        MAX_MILEAGE = #{maxMileage,jdbcType=INTEGER},
      </if>
      <if test="operateUser != null" >
        OPERATE_USER = #{operateUser,jdbcType=VARCHAR},
      </if>
      <if test="operateTmie != null" >
        OPERATE_TMIE = #{operateTmie,jdbcType=TIMESTAMP},
      </if>
    </set>
    where PROD_ID = #{prodId,jdbcType=VARCHAR}
  </update>
  <update id="updateByPrimaryKey" parameterType="entity.BpCarExtendinfoT" >
    update bp_car_extendinfo_t
    set MORTGAGE_STATUS = #{mortgageStatus,jdbcType=CHAR},
      MAX_MILEAGE = #{maxMileage,jdbcType=INTEGER},
      OPERATE_USER = #{operateUser,jdbcType=VARCHAR},
      OPERATE_TMIE = #{operateTmie,jdbcType=TIMESTAMP}
    where PROD_ID = #{prodId,jdbcType=VARCHAR}
  </update>
</mapper>