<?xml version="1.0" encoding="UTF-8" ?>
<!DOCTYPE mapper PUBLIC "-//mybatis.org//DTD Mapper 3.0//EN" "http://mybatis.org/dtd/mybatis-3-mapper.dtd" >
<mapper namespace="dao.BpCarBaseinfoMMapper" >
  <resultMap id="BaseResultMap" type="entity.BpCarBaseinfoM" >
    <constructor >
      <idArg column="CAR_INFO_ID" jdbcType="VARCHAR" javaType="java.lang.String" />
      <arg column="CHANNEL_USER_ID" jdbcType="VARCHAR" javaType="java.lang.String" />
      <arg column="CHANNEL_CUST_ID" jdbcType="VARCHAR" javaType="java.lang.String" />
      <arg column="CAR_BRAND" jdbcType="VARCHAR" javaType="java.lang.String" />
      <arg column="REG_DATE" jdbcType="TIMESTAMP" javaType="java.util.Date" />
      <arg column="MILEAGE" jdbcType="CHAR" javaType="java.lang.String" />
      <arg column="PURCHASE_PRICE" jdbcType="DECIMAL" javaType="java.math.BigDecimal" />
      <arg column="CAR_MODEL" jdbcType="VARCHAR" javaType="java.lang.String" />
      <arg column="PLATE_NO" jdbcType="VARCHAR" javaType="java.lang.String" />
      <arg column="PLATE_NO_AREACODE" jdbcType="VARCHAR" javaType="java.lang.String" />
      <arg column="MORTGAGE_STATUS" jdbcType="CHAR" javaType="java.lang.String" />
      <arg column="ATTACHMENTS_ID" jdbcType="VARCHAR" javaType="java.lang.String" />
      <arg column="OPERATE_USER" jdbcType="VARCHAR" javaType="java.lang.String" />
      <arg column="OPERATE_TMIE" jdbcType="TIMESTAMP" javaType="java.util.Date" />
    </constructor>
  </resultMap>
  <sql id="Base_Column_List" >
    CAR_INFO_ID, CHANNEL_USER_ID, CHANNEL_CUST_ID, CAR_BRAND, REG_DATE, MILEAGE, PURCHASE_PRICE, 
    CAR_MODEL, PLATE_NO, PLATE_NO_AREACODE, MORTGAGE_STATUS, ATTACHMENTS_ID, OPERATE_USER, 
    OPERATE_TMIE
  </sql>
  <select id="selectByPrimaryKey" resultMap="BaseResultMap" parameterType="java.lang.String" >
    select 
    <include refid="Base_Column_List" />
    from bp_car_baseinfo_m
    where CAR_INFO_ID = #{carInfoId,jdbcType=VARCHAR}
  </select>
  <delete id="deleteByPrimaryKey" parameterType="java.lang.String" >
    delete from bp_car_baseinfo_m
    where CAR_INFO_ID = #{carInfoId,jdbcType=VARCHAR}
  </delete>
  <insert id="insert" parameterType="entity.BpCarBaseinfoM" >
    insert into bp_car_baseinfo_m (CAR_INFO_ID, CHANNEL_USER_ID, CHANNEL_CUST_ID, 
      CAR_BRAND, REG_DATE, MILEAGE, 
      PURCHASE_PRICE, CAR_MODEL, PLATE_NO, 
      PLATE_NO_AREACODE, MORTGAGE_STATUS, ATTACHMENTS_ID, 
      OPERATE_USER, OPERATE_TMIE)
    values (#{carInfoId,jdbcType=VARCHAR}, #{channelUserId,jdbcType=VARCHAR}, #{channelCustId,jdbcType=VARCHAR}, 
      #{carBrand,jdbcType=VARCHAR}, #{regDate,jdbcType=TIMESTAMP}, #{mileage,jdbcType=CHAR}, 
      #{purchasePrice,jdbcType=DECIMAL}, #{carModel,jdbcType=VARCHAR}, #{plateNo,jdbcType=VARCHAR}, 
      #{plateNoAreacode,jdbcType=VARCHAR}, #{mortgageStatus,jdbcType=CHAR}, #{attachmentsId,jdbcType=VARCHAR}, 
      #{operateUser,jdbcType=VARCHAR}, #{operateTmie,jdbcType=TIMESTAMP})
  </insert>
  <insert id="insertSelective" parameterType="entity.BpCarBaseinfoM" >
    insert into bp_car_baseinfo_m
    <trim prefix="(" suffix=")" suffixOverrides="," >
      <if test="carInfoId != null" >
        CAR_INFO_ID,
      </if>
      <if test="channelUserId != null" >
        CHANNEL_USER_ID,
      </if>
      <if test="channelCustId != null" >
        CHANNEL_CUST_ID,
      </if>
      <if test="carBrand != null" >
        CAR_BRAND,
      </if>
      <if test="regDate != null" >
        REG_DATE,
      </if>
      <if test="mileage != null" >
        MILEAGE,
      </if>
      <if test="purchasePrice != null" >
        PURCHASE_PRICE,
      </if>
      <if test="carModel != null" >
        CAR_MODEL,
      </if>
      <if test="plateNo != null" >
        PLATE_NO,
      </if>
      <if test="plateNoAreacode != null" >
        PLATE_NO_AREACODE,
      </if>
      <if test="mortgageStatus != null" >
        MORTGAGE_STATUS,
      </if>
      <if test="attachmentsId != null" >
        ATTACHMENTS_ID,
      </if>
      <if test="operateUser != null" >
        OPERATE_USER,
      </if>
      <if test="operateTmie != null" >
        OPERATE_TMIE,
      </if>
    </trim>
    <trim prefix="values (" suffix=")" suffixOverrides="," >
      <if test="carInfoId != null" >
        #{carInfoId,jdbcType=VARCHAR},
      </if>
      <if test="channelUserId != null" >
        #{channelUserId,jdbcType=VARCHAR},
      </if>
      <if test="channelCustId != null" >
        #{channelCustId,jdbcType=VARCHAR},
      </if>
      <if test="carBrand != null" >
        #{carBrand,jdbcType=VARCHAR},
      </if>
      <if test="regDate != null" >
        #{regDate,jdbcType=TIMESTAMP},
      </if>
      <if test="mileage != null" >
        #{mileage,jdbcType=CHAR},
      </if>
      <if test="purchasePrice != null" >
        #{purchasePrice,jdbcType=DECIMAL},
      </if>
      <if test="carModel != null" >
        #{carModel,jdbcType=VARCHAR},
      </if>
      <if test="plateNo != null" >
        #{plateNo,jdbcType=VARCHAR},
      </if>
      <if test="plateNoAreacode != null" >
        #{plateNoAreacode,jdbcType=VARCHAR},
      </if>
      <if test="mortgageStatus != null" >
        #{mortgageStatus,jdbcType=CHAR},
      </if>
      <if test="attachmentsId != null" >
        #{attachmentsId,jdbcType=VARCHAR},
      </if>
      <if test="operateUser != null" >
        #{operateUser,jdbcType=VARCHAR},
      </if>
      <if test="operateTmie != null" >
        #{operateTmie,jdbcType=TIMESTAMP},
      </if>
    </trim>
  </insert>
  <update id="updateByPrimaryKeySelective" parameterType="entity.BpCarBaseinfoM" >
    update bp_car_baseinfo_m
    <set >
      <if test="channelUserId != null" >
        CHANNEL_USER_ID = #{channelUserId,jdbcType=VARCHAR},
      </if>
      <if test="channelCustId != null" >
        CHANNEL_CUST_ID = #{channelCustId,jdbcType=VARCHAR},
      </if>
      <if test="carBrand != null" >
        CAR_BRAND = #{carBrand,jdbcType=VARCHAR},
      </if>
      <if test="regDate != null" >
        REG_DATE = #{regDate,jdbcType=TIMESTAMP},
      </if>
      <if test="mileage != null" >
        MILEAGE = #{mileage,jdbcType=CHAR},
      </if>
      <if test="purchasePrice != null" >
        PURCHASE_PRICE = #{purchasePrice,jdbcType=DECIMAL},
      </if>
      <if test="carModel != null" >
        CAR_MODEL = #{carModel,jdbcType=VARCHAR},
      </if>
      <if test="plateNo != null" >
        PLATE_NO = #{plateNo,jdbcType=VARCHAR},
      </if>
      <if test="plateNoAreacode != null" >
        PLATE_NO_AREACODE = #{plateNoAreacode,jdbcType=VARCHAR},
      </if>
      <if test="mortgageStatus != null" >
        MORTGAGE_STATUS = #{mortgageStatus,jdbcType=CHAR},
      </if>
      <if test="attachmentsId != null" >
        ATTACHMENTS_ID = #{attachmentsId,jdbcType=VARCHAR},
      </if>
      <if test="operateUser != null" >
        OPERATE_USER = #{operateUser,jdbcType=VARCHAR},
      </if>
      <if test="operateTmie != null" >
        OPERATE_TMIE = #{operateTmie,jdbcType=TIMESTAMP},
      </if>
    </set>
    where CAR_INFO_ID = #{carInfoId,jdbcType=VARCHAR}
  </update>
  <update id="updateByPrimaryKey" parameterType="entity.BpCarBaseinfoM" >
    update bp_car_baseinfo_m
    set CHANNEL_USER_ID = #{channelUserId,jdbcType=VARCHAR},
      CHANNEL_CUST_ID = #{channelCustId,jdbcType=VARCHAR},
      CAR_BRAND = #{carBrand,jdbcType=VARCHAR},
      REG_DATE = #{regDate,jdbcType=TIMESTAMP},
      MILEAGE = #{mileage,jdbcType=CHAR},
      PURCHASE_PRICE = #{purchasePrice,jdbcType=DECIMAL},
      CAR_MODEL = #{carModel,jdbcType=VARCHAR},
      PLATE_NO = #{plateNo,jdbcType=VARCHAR},
      PLATE_NO_AREACODE = #{plateNoAreacode,jdbcType=VARCHAR},
      MORTGAGE_STATUS = #{mortgageStatus,jdbcType=CHAR},
      ATTACHMENTS_ID = #{attachmentsId,jdbcType=VARCHAR},
      OPERATE_USER = #{operateUser,jdbcType=VARCHAR},
      OPERATE_TMIE = #{operateTmie,jdbcType=TIMESTAMP}
    where CAR_INFO_ID = #{carInfoId,jdbcType=VARCHAR}
  </update>
</mapper>