<?xml version="1.0" encoding="UTF-8" ?>
<!DOCTYPE mapper PUBLIC "-//mybatis.org//DTD Mapper 3.0//EN" "http://mybatis.org/dtd/mybatis-3-mapper.dtd" >
<mapper namespace="dao.BpCustomerprodRulematchMMapper" >
  <resultMap id="BaseResultMap" type="entity.BpCustomerprodRulematchM" >
    <constructor >
      <idArg column="CUSTOMERPROD_RULEMATCH" jdbcType="VARCHAR" javaType="java.lang.String" />
      <arg column="PROD_ID" jdbcType="VARCHAR" javaType="java.lang.String" />
      <arg column="FIELD_NAME" jdbcType="VARCHAR" javaType="java.lang.String" />
      <arg column="FIELD_DESC" jdbcType="VARCHAR" javaType="java.lang.String" />
      <arg column="WEIGHT_VALUE" jdbcType="DECIMAL" javaType="java.math.BigDecimal" />
      <arg column="OPERATE_USER" jdbcType="VARCHAR" javaType="java.lang.String" />
      <arg column="OPERATE_TMIE" jdbcType="TIMESTAMP" javaType="java.util.Date" />
    </constructor>
  </resultMap>
  <sql id="Base_Column_List" >
    CUSTOMERPROD_RULEMATCH, PROD_ID, FIELD_NAME, FIELD_DESC, WEIGHT_VALUE, OPERATE_USER, 
    OPERATE_TMIE
  </sql>
  <select id="selectByPrimaryKey" resultMap="BaseResultMap" parameterType="java.lang.String" >
    select 
    <include refid="Base_Column_List" />
    from bp_customerprod_rulematch_m
    where CUSTOMERPROD_RULEMATCH = #{customerprodRulematch,jdbcType=VARCHAR}
  </select>
  <delete id="deleteByPrimaryKey" parameterType="java.lang.String" >
    delete from bp_customerprod_rulematch_m
    where CUSTOMERPROD_RULEMATCH = #{customerprodRulematch,jdbcType=VARCHAR}
  </delete>
  <insert id="insert" parameterType="entity.BpCustomerprodRulematchM" >
    insert into bp_customerprod_rulematch_m (CUSTOMERPROD_RULEMATCH, PROD_ID, FIELD_NAME, 
      FIELD_DESC, WEIGHT_VALUE, OPERATE_USER, 
      OPERATE_TMIE)
    values (#{customerprodRulematch,jdbcType=VARCHAR}, #{prodId,jdbcType=VARCHAR}, #{fieldName,jdbcType=VARCHAR}, 
      #{fieldDesc,jdbcType=VARCHAR}, #{weightValue,jdbcType=DECIMAL}, #{operateUser,jdbcType=VARCHAR}, 
      #{operateTmie,jdbcType=TIMESTAMP})
  </insert>
  <insert id="insertSelective" parameterType="entity.BpCustomerprodRulematchM" >
    insert into bp_customerprod_rulematch_m
    <trim prefix="(" suffix=")" suffixOverrides="," >
      <if test="customerprodRulematch != null" >
        CUSTOMERPROD_RULEMATCH,
      </if>
      <if test="prodId != null" >
        PROD_ID,
      </if>
      <if test="fieldName != null" >
        FIELD_NAME,
      </if>
      <if test="fieldDesc != null" >
        FIELD_DESC,
      </if>
      <if test="weightValue != null" >
        WEIGHT_VALUE,
      </if>
      <if test="operateUser != null" >
        OPERATE_USER,
      </if>
      <if test="operateTmie != null" >
        OPERATE_TMIE,
      </if>
    </trim>
    <trim prefix="values (" suffix=")" suffixOverrides="," >
      <if test="customerprodRulematch != null" >
        #{customerprodRulematch,jdbcType=VARCHAR},
      </if>
      <if test="prodId != null" >
        #{prodId,jdbcType=VARCHAR},
      </if>
      <if test="fieldName != null" >
        #{fieldName,jdbcType=VARCHAR},
      </if>
      <if test="fieldDesc != null" >
        #{fieldDesc,jdbcType=VARCHAR},
      </if>
      <if test="weightValue != null" >
        #{weightValue,jdbcType=DECIMAL},
      </if>
      <if test="operateUser != null" >
        #{operateUser,jdbcType=VARCHAR},
      </if>
      <if test="operateTmie != null" >
        #{operateTmie,jdbcType=TIMESTAMP},
      </if>
    </trim>
  </insert>
  <update id="updateByPrimaryKeySelective" parameterType="entity.BpCustomerprodRulematchM" >
    update bp_customerprod_rulematch_m
    <set >
      <if test="prodId != null" >
        PROD_ID = #{prodId,jdbcType=VARCHAR},
      </if>
      <if test="fieldName != null" >
        FIELD_NAME = #{fieldName,jdbcType=VARCHAR},
      </if>
      <if test="fieldDesc != null" >
        FIELD_DESC = #{fieldDesc,jdbcType=VARCHAR},
      </if>
      <if test="weightValue != null" >
        WEIGHT_VALUE = #{weightValue,jdbcType=DECIMAL},
      </if>
      <if test="operateUser != null" >
        OPERATE_USER = #{operateUser,jdbcType=VARCHAR},
      </if>
      <if test="operateTmie != null" >
        OPERATE_TMIE = #{operateTmie,jdbcType=TIMESTAMP},
      </if>
    </set>
    where CUSTOMERPROD_RULEMATCH = #{customerprodRulematch,jdbcType=VARCHAR}
  </update>
  <update id="updateByPrimaryKey" parameterType="entity.BpCustomerprodRulematchM" >
    update bp_customerprod_rulematch_m
    set PROD_ID = #{prodId,jdbcType=VARCHAR},
      FIELD_NAME = #{fieldName,jdbcType=VARCHAR},
      FIELD_DESC = #{fieldDesc,jdbcType=VARCHAR},
      WEIGHT_VALUE = #{weightValue,jdbcType=DECIMAL},
      OPERATE_USER = #{operateUser,jdbcType=VARCHAR},
      OPERATE_TMIE = #{operateTmie,jdbcType=TIMESTAMP}
    where CUSTOMERPROD_RULEMATCH = #{customerprodRulematch,jdbcType=VARCHAR}
  </update>
</mapper>