<?xml version="1.0" encoding="UTF-8" ?>
<!DOCTYPE mapper PUBLIC "-//mybatis.org//DTD Mapper 3.0//EN" "http://mybatis.org/dtd/mybatis-3-mapper.dtd" >
<mapper namespace="dao.BpCustInfoMMapper" >
  <resultMap id="BaseResultMap" type="entity.BpCustInfoM" >
    <constructor >
      <idArg column="CHANNEL_CUST_ID" jdbcType="VARCHAR" javaType="java.lang.String" />
      <arg column="CHANNEL_USER_ID" jdbcType="VARCHAR" javaType="java.lang.String" />
      <arg column="CUST_NAME" jdbcType="VARCHAR" javaType="java.lang.String" />
      <arg column="ID_CARD_NO" jdbcType="VARCHAR" javaType="java.lang.String" />
      <arg column="MARTIAL_STATUS" jdbcType="CHAR" javaType="java.lang.String" />
      <arg column="OCCUPATION_CATEGORY" jdbcType="CHAR" javaType="java.lang.String" />
      <arg column="MOBILE" jdbcType="VARCHAR" javaType="java.lang.String" />
      <arg column="OPERATE_USER" jdbcType="VARCHAR" javaType="java.lang.String" />
      <arg column="OPERATE_TMIE" jdbcType="TIMESTAMP" javaType="java.util.Date" />
    </constructor>
  </resultMap>
  <sql id="Base_Column_List" >
    CHANNEL_CUST_ID, CHANNEL_USER_ID, CUST_NAME, ID_CARD_NO, MARTIAL_STATUS, OCCUPATION_CATEGORY, 
    MOBILE, OPERATE_USER, OPERATE_TMIE
  </sql>
  <select id="selectByPrimaryKey" resultMap="BaseResultMap" parameterType="java.lang.String" >
    select 
    <include refid="Base_Column_List" />
    from bp_cust_info_m
    where CHANNEL_CUST_ID = #{channelCustId,jdbcType=VARCHAR}
  </select>
  <delete id="deleteByPrimaryKey" parameterType="java.lang.String" >
    delete from bp_cust_info_m
    where CHANNEL_CUST_ID = #{channelCustId,jdbcType=VARCHAR}
  </delete>
  <insert id="insert" parameterType="entity.BpCustInfoM" >
    insert into bp_cust_info_m (CHANNEL_CUST_ID, CHANNEL_USER_ID, CUST_NAME, 
      ID_CARD_NO, MARTIAL_STATUS, OCCUPATION_CATEGORY, 
      MOBILE, OPERATE_USER, OPERATE_TMIE
      )
    values (#{channelCustId,jdbcType=VARCHAR}, #{channelUserId,jdbcType=VARCHAR}, #{custName,jdbcType=VARCHAR}, 
      #{idCardNo,jdbcType=VARCHAR}, #{martialStatus,jdbcType=CHAR}, #{occupationCategory,jdbcType=CHAR}, 
      #{mobile,jdbcType=VARCHAR}, #{operateUser,jdbcType=VARCHAR}, #{operateTmie,jdbcType=TIMESTAMP}
      )
  </insert>
  <insert id="insertSelective" parameterType="entity.BpCustInfoM" >
    insert into bp_cust_info_m
    <trim prefix="(" suffix=")" suffixOverrides="," >
      <if test="channelCustId != null" >
        CHANNEL_CUST_ID,
      </if>
      <if test="channelUserId != null" >
        CHANNEL_USER_ID,
      </if>
      <if test="custName != null" >
        CUST_NAME,
      </if>
      <if test="idCardNo != null" >
        ID_CARD_NO,
      </if>
      <if test="martialStatus != null" >
        MARTIAL_STATUS,
      </if>
      <if test="occupationCategory != null" >
        OCCUPATION_CATEGORY,
      </if>
      <if test="mobile != null" >
        MOBILE,
      </if>
      <if test="operateUser != null" >
        OPERATE_USER,
      </if>
      <if test="operateTmie != null" >
        OPERATE_TMIE,
      </if>
    </trim>
    <trim prefix="values (" suffix=")" suffixOverrides="," >
      <if test="channelCustId != null" >
        #{channelCustId,jdbcType=VARCHAR},
      </if>
      <if test="channelUserId != null" >
        #{channelUserId,jdbcType=VARCHAR},
      </if>
      <if test="custName != null" >
        #{custName,jdbcType=VARCHAR},
      </if>
      <if test="idCardNo != null" >
        #{idCardNo,jdbcType=VARCHAR},
      </if>
      <if test="martialStatus != null" >
        #{martialStatus,jdbcType=CHAR},
      </if>
      <if test="occupationCategory != null" >
        #{occupationCategory,jdbcType=CHAR},
      </if>
      <if test="mobile != null" >
        #{mobile,jdbcType=VARCHAR},
      </if>
      <if test="operateUser != null" >
        #{operateUser,jdbcType=VARCHAR},
      </if>
      <if test="operateTmie != null" >
        #{operateTmie,jdbcType=TIMESTAMP},
      </if>
    </trim>
  </insert>
  <update id="updateByPrimaryKeySelective" parameterType="entity.BpCustInfoM" >
    update bp_cust_info_m
    <set >
      <if test="channelUserId != null" >
        CHANNEL_USER_ID = #{channelUserId,jdbcType=VARCHAR},
      </if>
      <if test="custName != null" >
        CUST_NAME = #{custName,jdbcType=VARCHAR},
      </if>
      <if test="idCardNo != null" >
        ID_CARD_NO = #{idCardNo,jdbcType=VARCHAR},
      </if>
      <if test="martialStatus != null" >
        MARTIAL_STATUS = #{martialStatus,jdbcType=CHAR},
      </if>
      <if test="occupationCategory != null" >
        OCCUPATION_CATEGORY = #{occupationCategory,jdbcType=CHAR},
      </if>
      <if test="mobile != null" >
        MOBILE = #{mobile,jdbcType=VARCHAR},
      </if>
      <if test="operateUser != null" >
        OPERATE_USER = #{operateUser,jdbcType=VARCHAR},
      </if>
      <if test="operateTmie != null" >
        OPERATE_TMIE = #{operateTmie,jdbcType=TIMESTAMP},
      </if>
    </set>
    where CHANNEL_CUST_ID = #{channelCustId,jdbcType=VARCHAR}
  </update>
  <update id="updateByPrimaryKey" parameterType="entity.BpCustInfoM" >
    update bp_cust_info_m
    set CHANNEL_USER_ID = #{channelUserId,jdbcType=VARCHAR},
      CUST_NAME = #{custName,jdbcType=VARCHAR},
      ID_CARD_NO = #{idCardNo,jdbcType=VARCHAR},
      MARTIAL_STATUS = #{martialStatus,jdbcType=CHAR},
      OCCUPATION_CATEGORY = #{occupationCategory,jdbcType=CHAR},
      MOBILE = #{mobile,jdbcType=VARCHAR},
      OPERATE_USER = #{operateUser,jdbcType=VARCHAR},
      OPERATE_TMIE = #{operateTmie,jdbcType=TIMESTAMP}
    where CHANNEL_CUST_ID = #{channelCustId,jdbcType=VARCHAR}
  </update>
</mapper>