<?xml version="1.0" encoding="UTF-8" ?>
<!DOCTYPE mapper PUBLIC "-//mybatis.org//DTD Mapper 3.0//EN" "http://mybatis.org/dtd/mybatis-3-mapper.dtd" >
<mapper namespace="dao.BpHouseInfoMMapper" >
  <resultMap id="BaseResultMap" type="entity.BpHouseInfoM" >
    <constructor >
      <idArg column="HOUSE_INFO_ID" jdbcType="VARCHAR" javaType="java.lang.String" />
      <arg column="CHANNEL_USER_ID" jdbcType="VARCHAR" javaType="java.lang.String" />
      <arg column="CHANNEL_CUST_ID" jdbcType="VARCHAR" javaType="java.lang.String" />
      <arg column="HOUSE_SIGN_NO" jdbcType="VARCHAR" javaType="java.lang.String" />
      <arg column="COMPOUND_NAME" jdbcType="VARCHAR" javaType="java.lang.String" />
      <arg column="AREA_CODE" jdbcType="VARCHAR" javaType="java.lang.String" />
      <arg column="ADDR" jdbcType="VARCHAR" javaType="java.lang.String" />
      <arg column="ACREAGE" jdbcType="DECIMAL" javaType="java.math.BigDecimal" />
      <arg column="HOUSE_USE" jdbcType="CHAR" javaType="java.lang.String" />
      <arg column="PROPERTY_NATURE" jdbcType="CHAR" javaType="java.lang.String" />
      <arg column="MORTGAGE_SITUATION" jdbcType="CHAR" javaType="java.lang.String" />
      <arg column="ATTACHMENTS_ID" jdbcType="VARCHAR" javaType="java.lang.String" />
      <arg column="OPERATE_USER" jdbcType="VARCHAR" javaType="java.lang.String" />
      <arg column="OPERATE_TMIE" jdbcType="TIMESTAMP" javaType="java.util.Date" />
    </constructor>
  </resultMap>
  <sql id="Base_Column_List" >
    HOUSE_INFO_ID, CHANNEL_USER_ID, CHANNEL_CUST_ID, HOUSE_SIGN_NO, COMPOUND_NAME, AREA_CODE, 
    ADDR, ACREAGE, HOUSE_USE, PROPERTY_NATURE, MORTGAGE_SITUATION, ATTACHMENTS_ID, OPERATE_USER, 
    OPERATE_TMIE
  </sql>
  <select id="selectByPrimaryKey" resultMap="BaseResultMap" parameterType="java.lang.String" >
    select 
    <include refid="Base_Column_List" />
    from bp_house_info_m
    where HOUSE_INFO_ID = #{houseInfoId,jdbcType=VARCHAR}
  </select>
  <delete id="deleteByPrimaryKey" parameterType="java.lang.String" >
    delete from bp_house_info_m
    where HOUSE_INFO_ID = #{houseInfoId,jdbcType=VARCHAR}
  </delete>
  <insert id="insert" parameterType="entity.BpHouseInfoM" >
    insert into bp_house_info_m (HOUSE_INFO_ID, CHANNEL_USER_ID, CHANNEL_CUST_ID, 
      HOUSE_SIGN_NO, COMPOUND_NAME, AREA_CODE, 
      ADDR, ACREAGE, HOUSE_USE, 
      PROPERTY_NATURE, MORTGAGE_SITUATION, ATTACHMENTS_ID, 
      OPERATE_USER, OPERATE_TMIE)
    values (#{houseInfoId,jdbcType=VARCHAR}, #{channelUserId,jdbcType=VARCHAR}, #{channelCustId,jdbcType=VARCHAR}, 
      #{houseSignNo,jdbcType=VARCHAR}, #{compoundName,jdbcType=VARCHAR}, #{areaCode,jdbcType=VARCHAR}, 
      #{addr,jdbcType=VARCHAR}, #{acreage,jdbcType=DECIMAL}, #{houseUse,jdbcType=CHAR}, 
      #{propertyNature,jdbcType=CHAR}, #{mortgageSituation,jdbcType=CHAR}, #{attachmentsId,jdbcType=VARCHAR}, 
      #{operateUser,jdbcType=VARCHAR}, #{operateTmie,jdbcType=TIMESTAMP})
  </insert>
  <insert id="insertSelective" parameterType="entity.BpHouseInfoM" >
    insert into bp_house_info_m
    <trim prefix="(" suffix=")" suffixOverrides="," >
      <if test="houseInfoId != null" >
        HOUSE_INFO_ID,
      </if>
      <if test="channelUserId != null" >
        CHANNEL_USER_ID,
      </if>
      <if test="channelCustId != null" >
        CHANNEL_CUST_ID,
      </if>
      <if test="houseSignNo != null" >
        HOUSE_SIGN_NO,
      </if>
      <if test="compoundName != null" >
        COMPOUND_NAME,
      </if>
      <if test="areaCode != null" >
        AREA_CODE,
      </if>
      <if test="addr != null" >
        ADDR,
      </if>
      <if test="acreage != null" >
        ACREAGE,
      </if>
      <if test="houseUse != null" >
        HOUSE_USE,
      </if>
      <if test="propertyNature != null" >
        PROPERTY_NATURE,
      </if>
      <if test="mortgageSituation != null" >
        MORTGAGE_SITUATION,
      </if>
      <if test="attachmentsId != null" >
        ATTACHMENTS_ID,
      </if>
      <if test="operateUser != null" >
        OPERATE_USER,
      </if>
      <if test="operateTmie != null" >
        OPERATE_TMIE,
      </if>
    </trim>
    <trim prefix="values (" suffix=")" suffixOverrides="," >
      <if test="houseInfoId != null" >
        #{houseInfoId,jdbcType=VARCHAR},
      </if>
      <if test="channelUserId != null" >
        #{channelUserId,jdbcType=VARCHAR},
      </if>
      <if test="channelCustId != null" >
        #{channelCustId,jdbcType=VARCHAR},
      </if>
      <if test="houseSignNo != null" >
        #{houseSignNo,jdbcType=VARCHAR},
      </if>
      <if test="compoundName != null" >
        #{compoundName,jdbcType=VARCHAR},
      </if>
      <if test="areaCode != null" >
        #{areaCode,jdbcType=VARCHAR},
      </if>
      <if test="addr != null" >
        #{addr,jdbcType=VARCHAR},
      </if>
      <if test="acreage != null" >
        #{acreage,jdbcType=DECIMAL},
      </if>
      <if test="houseUse != null" >
        #{houseUse,jdbcType=CHAR},
      </if>
      <if test="propertyNature != null" >
        #{propertyNature,jdbcType=CHAR},
      </if>
      <if test="mortgageSituation != null" >
        #{mortgageSituation,jdbcType=CHAR},
      </if>
      <if test="attachmentsId != null" >
        #{attachmentsId,jdbcType=VARCHAR},
      </if>
      <if test="operateUser != null" >
        #{operateUser,jdbcType=VARCHAR},
      </if>
      <if test="operateTmie != null" >
        #{operateTmie,jdbcType=TIMESTAMP},
      </if>
    </trim>
  </insert>
  <update id="updateByPrimaryKeySelective" parameterType="entity.BpHouseInfoM" >
    update bp_house_info_m
    <set >
      <if test="channelUserId != null" >
        CHANNEL_USER_ID = #{channelUserId,jdbcType=VARCHAR},
      </if>
      <if test="channelCustId != null" >
        CHANNEL_CUST_ID = #{channelCustId,jdbcType=VARCHAR},
      </if>
      <if test="houseSignNo != null" >
        HOUSE_SIGN_NO = #{houseSignNo,jdbcType=VARCHAR},
      </if>
      <if test="compoundName != null" >
        COMPOUND_NAME = #{compoundName,jdbcType=VARCHAR},
      </if>
      <if test="areaCode != null" >
        AREA_CODE = #{areaCode,jdbcType=VARCHAR},
      </if>
      <if test="addr != null" >
        ADDR = #{addr,jdbcType=VARCHAR},
      </if>
      <if test="acreage != null" >
        ACREAGE = #{acreage,jdbcType=DECIMAL},
      </if>
      <if test="houseUse != null" >
        HOUSE_USE = #{houseUse,jdbcType=CHAR},
      </if>
      <if test="propertyNature != null" >
        PROPERTY_NATURE = #{propertyNature,jdbcType=CHAR},
      </if>
      <if test="mortgageSituation != null" >
        MORTGAGE_SITUATION = #{mortgageSituation,jdbcType=CHAR},
      </if>
      <if test="attachmentsId != null" >
        ATTACHMENTS_ID = #{attachmentsId,jdbcType=VARCHAR},
      </if>
      <if test="operateUser != null" >
        OPERATE_USER = #{operateUser,jdbcType=VARCHAR},
      </if>
      <if test="operateTmie != null" >
        OPERATE_TMIE = #{operateTmie,jdbcType=TIMESTAMP},
      </if>
    </set>
    where HOUSE_INFO_ID = #{houseInfoId,jdbcType=VARCHAR}
  </update>
  <update id="updateByPrimaryKey" parameterType="entity.BpHouseInfoM" >
    update bp_house_info_m
    set CHANNEL_USER_ID = #{channelUserId,jdbcType=VARCHAR},
      CHANNEL_CUST_ID = #{channelCustId,jdbcType=VARCHAR},
      HOUSE_SIGN_NO = #{houseSignNo,jdbcType=VARCHAR},
      COMPOUND_NAME = #{compoundName,jdbcType=VARCHAR},
      AREA_CODE = #{areaCode,jdbcType=VARCHAR},
      ADDR = #{addr,jdbcType=VARCHAR},
      ACREAGE = #{acreage,jdbcType=DECIMAL},
      HOUSE_USE = #{houseUse,jdbcType=CHAR},
      PROPERTY_NATURE = #{propertyNature,jdbcType=CHAR},
      MORTGAGE_SITUATION = #{mortgageSituation,jdbcType=CHAR},
      ATTACHMENTS_ID = #{attachmentsId,jdbcType=VARCHAR},
      OPERATE_USER = #{operateUser,jdbcType=VARCHAR},
      OPERATE_TMIE = #{operateTmie,jdbcType=TIMESTAMP}
    where HOUSE_INFO_ID = #{houseInfoId,jdbcType=VARCHAR}
  </update>
</mapper>