<?xml version="1.0" encoding="UTF-8" ?>
<!DOCTYPE mapper PUBLIC "-//mybatis.org//DTD Mapper 3.0//EN" "http://mybatis.org/dtd/mybatis-3-mapper.dtd" >
<mapper namespace="dao.BpLevelRuleMapper" >
  <resultMap id="BaseResultMap" type="entity.BpLevelRule" >
    <constructor >
      <idArg column="LEVEL_RULE_ID" jdbcType="VARCHAR" javaType="java.lang.String" />
      <arg column="BEGIN_VALUE" jdbcType="INTEGER" javaType="java.lang.Integer" />
      <arg column="AFTER_VALUE" jdbcType="INTEGER" javaType="java.lang.Integer" />
      <arg column="LEVEL" jdbcType="CHAR" javaType="java.lang.String" />
      <arg column="OPERATE_USER" jdbcType="VARCHAR" javaType="java.lang.String" />
      <arg column="OPERATE_TMIE" jdbcType="TIMESTAMP" javaType="java.util.Date" />
    </constructor>
  </resultMap>
  <sql id="Base_Column_List" >
    LEVEL_RULE_ID, BEGIN_VALUE, AFTER_VALUE, LEVEL, OPERATE_USER, OPERATE_TMIE
  </sql>
  <select id="selectByPrimaryKey" resultMap="BaseResultMap" parameterType="java.lang.String" >
    select 
    <include refid="Base_Column_List" />
    from bp_level_rule
    where LEVEL_RULE_ID = #{levelRuleId,jdbcType=VARCHAR}
  </select>
  <delete id="deleteByPrimaryKey" parameterType="java.lang.String" >
    delete from bp_level_rule
    where LEVEL_RULE_ID = #{levelRuleId,jdbcType=VARCHAR}
  </delete>
  <insert id="insert" parameterType="entity.BpLevelRule" >
    insert into bp_level_rule (LEVEL_RULE_ID, BEGIN_VALUE, AFTER_VALUE, 
      LEVEL, OPERATE_USER, OPERATE_TMIE
      )
    values (#{levelRuleId,jdbcType=VARCHAR}, #{beginValue,jdbcType=INTEGER}, #{afterValue,jdbcType=INTEGER}, 
      #{level,jdbcType=CHAR}, #{operateUser,jdbcType=VARCHAR}, #{operateTmie,jdbcType=TIMESTAMP}
      )
  </insert>
  <insert id="insertSelective" parameterType="entity.BpLevelRule" >
    insert into bp_level_rule
    <trim prefix="(" suffix=")" suffixOverrides="," >
      <if test="levelRuleId != null" >
        LEVEL_RULE_ID,
      </if>
      <if test="beginValue != null" >
        BEGIN_VALUE,
      </if>
      <if test="afterValue != null" >
        AFTER_VALUE,
      </if>
      <if test="level != null" >
        LEVEL,
      </if>
      <if test="operateUser != null" >
        OPERATE_USER,
      </if>
      <if test="operateTmie != null" >
        OPERATE_TMIE,
      </if>
    </trim>
    <trim prefix="values (" suffix=")" suffixOverrides="," >
      <if test="levelRuleId != null" >
        #{levelRuleId,jdbcType=VARCHAR},
      </if>
      <if test="beginValue != null" >
        #{beginValue,jdbcType=INTEGER},
      </if>
      <if test="afterValue != null" >
        #{afterValue,jdbcType=INTEGER},
      </if>
      <if test="level != null" >
        #{level,jdbcType=CHAR},
      </if>
      <if test="operateUser != null" >
        #{operateUser,jdbcType=VARCHAR},
      </if>
      <if test="operateTmie != null" >
        #{operateTmie,jdbcType=TIMESTAMP},
      </if>
    </trim>
  </insert>
  <update id="updateByPrimaryKeySelective" parameterType="entity.BpLevelRule" >
    update bp_level_rule
    <set >
      <if test="beginValue != null" >
        BEGIN_VALUE = #{beginValue,jdbcType=INTEGER},
      </if>
      <if test="afterValue != null" >
        AFTER_VALUE = #{afterValue,jdbcType=INTEGER},
      </if>
      <if test="level != null" >
        LEVEL = #{level,jdbcType=CHAR},
      </if>
      <if test="operateUser != null" >
        OPERATE_USER = #{operateUser,jdbcType=VARCHAR},
      </if>
      <if test="operateTmie != null" >
        OPERATE_TMIE = #{operateTmie,jdbcType=TIMESTAMP},
      </if>
    </set>
    where LEVEL_RULE_ID = #{levelRuleId,jdbcType=VARCHAR}
  </update>
  <update id="updateByPrimaryKey" parameterType="entity.BpLevelRule" >
    update bp_level_rule
    set BEGIN_VALUE = #{beginValue,jdbcType=INTEGER},
      AFTER_VALUE = #{afterValue,jdbcType=INTEGER},
      LEVEL = #{level,jdbcType=CHAR},
      OPERATE_USER = #{operateUser,jdbcType=VARCHAR},
      OPERATE_TMIE = #{operateTmie,jdbcType=TIMESTAMP}
    where LEVEL_RULE_ID = #{levelRuleId,jdbcType=VARCHAR}
  </update>
</mapper>