<?xml version="1.0" encoding="UTF-8" ?>
<!DOCTYPE mapper PUBLIC "-//mybatis.org//DTD Mapper 3.0//EN" "http://mybatis.org/dtd/mybatis-3-mapper.dtd" >
<mapper namespace="dao.BpPointRuleMMapper" >
  <resultMap id="BaseResultMap" type="entity.BpPointRuleM" >
    <constructor >
      <idArg column="POINT_RULE_ID" jdbcType="VARCHAR" javaType="java.lang.String" />
      <arg column="RULE_CODE" jdbcType="VARCHAR" javaType="java.lang.String" />
      <arg column="RULE_NAME" jdbcType="VARCHAR" javaType="java.lang.String" />
      <arg column="ADD_VALUE" jdbcType="INTEGER" javaType="java.lang.Integer" />
      <arg column="STATUS" jdbcType="CHAR" javaType="java.lang.String" />
      <arg column="OPERATE_USER" jdbcType="VARCHAR" javaType="java.lang.String" />
      <arg column="OPERATE_TMIE" jdbcType="TIMESTAMP" javaType="java.util.Date" />
    </constructor>
  </resultMap>
  <sql id="Base_Column_List" >
    POINT_RULE_ID, RULE_CODE, RULE_NAME, ADD_VALUE, STATUS, OPERATE_USER, OPERATE_TMIE
  </sql>
  <select id="selectByPrimaryKey" resultMap="BaseResultMap" parameterType="java.lang.String" >
    select 
    <include refid="Base_Column_List" />
    from bp_point_rule_m
    where POINT_RULE_ID = #{pointRuleId,jdbcType=VARCHAR}
  </select>
  <delete id="deleteByPrimaryKey" parameterType="java.lang.String" >
    delete from bp_point_rule_m
    where POINT_RULE_ID = #{pointRuleId,jdbcType=VARCHAR}
  </delete>
  <insert id="insert" parameterType="entity.BpPointRuleM" >
    insert into bp_point_rule_m (POINT_RULE_ID, RULE_CODE, RULE_NAME, 
      ADD_VALUE, STATUS, OPERATE_USER, 
      OPERATE_TMIE)
    values (#{pointRuleId,jdbcType=VARCHAR}, #{ruleCode,jdbcType=VARCHAR}, #{ruleName,jdbcType=VARCHAR}, 
      #{addValue,jdbcType=INTEGER}, #{status,jdbcType=CHAR}, #{operateUser,jdbcType=VARCHAR}, 
      #{operateTmie,jdbcType=TIMESTAMP})
  </insert>
  <insert id="insertSelective" parameterType="entity.BpPointRuleM" >
    insert into bp_point_rule_m
    <trim prefix="(" suffix=")" suffixOverrides="," >
      <if test="pointRuleId != null" >
        POINT_RULE_ID,
      </if>
      <if test="ruleCode != null" >
        RULE_CODE,
      </if>
      <if test="ruleName != null" >
        RULE_NAME,
      </if>
      <if test="addValue != null" >
        ADD_VALUE,
      </if>
      <if test="status != null" >
        STATUS,
      </if>
      <if test="operateUser != null" >
        OPERATE_USER,
      </if>
      <if test="operateTmie != null" >
        OPERATE_TMIE,
      </if>
    </trim>
    <trim prefix="values (" suffix=")" suffixOverrides="," >
      <if test="pointRuleId != null" >
        #{pointRuleId,jdbcType=VARCHAR},
      </if>
      <if test="ruleCode != null" >
        #{ruleCode,jdbcType=VARCHAR},
      </if>
      <if test="ruleName != null" >
        #{ruleName,jdbcType=VARCHAR},
      </if>
      <if test="addValue != null" >
        #{addValue,jdbcType=INTEGER},
      </if>
      <if test="status != null" >
        #{status,jdbcType=CHAR},
      </if>
      <if test="operateUser != null" >
        #{operateUser,jdbcType=VARCHAR},
      </if>
      <if test="operateTmie != null" >
        #{operateTmie,jdbcType=TIMESTAMP},
      </if>
    </trim>
  </insert>
  <update id="updateByPrimaryKeySelective" parameterType="entity.BpPointRuleM" >
    update bp_point_rule_m
    <set >
      <if test="ruleCode != null" >
        RULE_CODE = #{ruleCode,jdbcType=VARCHAR},
      </if>
      <if test="ruleName != null" >
        RULE_NAME = #{ruleName,jdbcType=VARCHAR},
      </if>
      <if test="addValue != null" >
        ADD_VALUE = #{addValue,jdbcType=INTEGER},
      </if>
      <if test="status != null" >
        STATUS = #{status,jdbcType=CHAR},
      </if>
      <if test="operateUser != null" >
        OPERATE_USER = #{operateUser,jdbcType=VARCHAR},
      </if>
      <if test="operateTmie != null" >
        OPERATE_TMIE = #{operateTmie,jdbcType=TIMESTAMP},
      </if>
    </set>
    where POINT_RULE_ID = #{pointRuleId,jdbcType=VARCHAR}
  </update>
  <update id="updateByPrimaryKey" parameterType="entity.BpPointRuleM" >
    update bp_point_rule_m
    set RULE_CODE = #{ruleCode,jdbcType=VARCHAR},
      RULE_NAME = #{ruleName,jdbcType=VARCHAR},
      ADD_VALUE = #{addValue,jdbcType=INTEGER},
      STATUS = #{status,jdbcType=CHAR},
      OPERATE_USER = #{operateUser,jdbcType=VARCHAR},
      OPERATE_TMIE = #{operateTmie,jdbcType=TIMESTAMP}
    where POINT_RULE_ID = #{pointRuleId,jdbcType=VARCHAR}
  </update>
</mapper>