<?xml version="1.0" encoding="UTF-8" ?>
<!DOCTYPE mapper PUBLIC "-//mybatis.org//DTD Mapper 3.0//EN" "http://mybatis.org/dtd/mybatis-3-mapper.dtd" >
<mapper namespace="dao.BpProdExtendHMapper" >
  <resultMap id="BaseResultMap" type="entity.BpProdExtendH" >
    <constructor >
      <idArg column="SEQ_ID" jdbcType="VARCHAR" javaType="java.lang.String" />
      <arg column="PROD_ID" jdbcType="VARCHAR" javaType="java.lang.String" />
      <arg column="PROPERTY_NAME" jdbcType="VARCHAR" javaType="java.lang.String" />
      <arg column="PROPERTY_VALUE" jdbcType="VARCHAR" javaType="java.lang.String" />
      <arg column="OPERATE_USER" jdbcType="VARCHAR" javaType="java.lang.String" />
      <arg column="OPERATE_TMIE" jdbcType="TIMESTAMP" javaType="java.util.Date" />
    </constructor>
  </resultMap>
  <sql id="Base_Column_List" >
    SEQ_ID, PROD_ID, PROPERTY_NAME, PROPERTY_VALUE, OPERATE_USER, OPERATE_TMIE
  </sql>
  <select id="selectByPrimaryKey" resultMap="BaseResultMap" parameterType="java.lang.String" >
    select 
    <include refid="Base_Column_List" />
    from bp_prod_extend_h
    where SEQ_ID = #{seqId,jdbcType=VARCHAR}
  </select>
  <delete id="deleteByPrimaryKey" parameterType="java.lang.String" >
    delete from bp_prod_extend_h
    where SEQ_ID = #{seqId,jdbcType=VARCHAR}
  </delete>
  <insert id="insert" parameterType="entity.BpProdExtendH" >
    insert into bp_prod_extend_h (SEQ_ID, PROD_ID, PROPERTY_NAME, 
      PROPERTY_VALUE, OPERATE_USER, OPERATE_TMIE
      )
    values (#{seqId,jdbcType=VARCHAR}, #{prodId,jdbcType=VARCHAR}, #{propertyName,jdbcType=VARCHAR}, 
      #{propertyValue,jdbcType=VARCHAR}, #{operateUser,jdbcType=VARCHAR}, #{operateTmie,jdbcType=TIMESTAMP}
      )
  </insert>
  <insert id="insertSelective" parameterType="entity.BpProdExtendH" >
    insert into bp_prod_extend_h
    <trim prefix="(" suffix=")" suffixOverrides="," >
      <if test="seqId != null" >
        SEQ_ID,
      </if>
      <if test="prodId != null" >
        PROD_ID,
      </if>
      <if test="propertyName != null" >
        PROPERTY_NAME,
      </if>
      <if test="propertyValue != null" >
        PROPERTY_VALUE,
      </if>
      <if test="operateUser != null" >
        OPERATE_USER,
      </if>
      <if test="operateTmie != null" >
        OPERATE_TMIE,
      </if>
    </trim>
    <trim prefix="values (" suffix=")" suffixOverrides="," >
      <if test="seqId != null" >
        #{seqId,jdbcType=VARCHAR},
      </if>
      <if test="prodId != null" >
        #{prodId,jdbcType=VARCHAR},
      </if>
      <if test="propertyName != null" >
        #{propertyName,jdbcType=VARCHAR},
      </if>
      <if test="propertyValue != null" >
        #{propertyValue,jdbcType=VARCHAR},
      </if>
      <if test="operateUser != null" >
        #{operateUser,jdbcType=VARCHAR},
      </if>
      <if test="operateTmie != null" >
        #{operateTmie,jdbcType=TIMESTAMP},
      </if>
    </trim>
  </insert>
  <update id="updateByPrimaryKeySelective" parameterType="entity.BpProdExtendH" >
    update bp_prod_extend_h
    <set >
      <if test="prodId != null" >
        PROD_ID = #{prodId,jdbcType=VARCHAR},
      </if>
      <if test="propertyName != null" >
        PROPERTY_NAME = #{propertyName,jdbcType=VARCHAR},
      </if>
      <if test="propertyValue != null" >
        PROPERTY_VALUE = #{propertyValue,jdbcType=VARCHAR},
      </if>
      <if test="operateUser != null" >
        OPERATE_USER = #{operateUser,jdbcType=VARCHAR},
      </if>
      <if test="operateTmie != null" >
        OPERATE_TMIE = #{operateTmie,jdbcType=TIMESTAMP},
      </if>
    </set>
    where SEQ_ID = #{seqId,jdbcType=VARCHAR}
  </update>
  <update id="updateByPrimaryKey" parameterType="entity.BpProdExtendH" >
    update bp_prod_extend_h
    set PROD_ID = #{prodId,jdbcType=VARCHAR},
      PROPERTY_NAME = #{propertyName,jdbcType=VARCHAR},
      PROPERTY_VALUE = #{propertyValue,jdbcType=VARCHAR},
      OPERATE_USER = #{operateUser,jdbcType=VARCHAR},
      OPERATE_TMIE = #{operateTmie,jdbcType=TIMESTAMP}
    where SEQ_ID = #{seqId,jdbcType=VARCHAR}
  </update>
</mapper>