<?xml version="1.0" encoding="UTF-8" ?>
<!DOCTYPE mapper PUBLIC "-//mybatis.org//DTD Mapper 3.0//EN" "http://mybatis.org/dtd/mybatis-3-mapper.dtd" >
<mapper namespace="dao.BpProdBaseinfoMMapper" >
  <resultMap id="BaseResultMap" type="entity.BpProdBaseinfoM" >
    <constructor >
      <idArg column="PROD_ID" jdbcType="VARCHAR" javaType="java.lang.String" />
      <arg column="COMPANY_ID" jdbcType="VARCHAR" javaType="java.lang.String" />
      <arg column="PROD_CODE" jdbcType="VARCHAR" javaType="java.lang.String" />
      <arg column="PROD_NAME" jdbcType="VARCHAR" javaType="java.lang.String" />
      <arg column="PROD_TYPE" jdbcType="CHAR" javaType="java.lang.String" />
      <arg column="COMMISSION_RATIO" jdbcType="DECIMAL" javaType="java.math.BigDecimal" />
      <arg column="MAX_TERM" jdbcType="INTEGER" javaType="java.lang.Integer" />
      <arg column="MIN_TERM" jdbcType="INTEGER" javaType="java.lang.Integer" />
      <arg column="MAX_RATE" jdbcType="DECIMAL" javaType="java.math.BigDecimal" />
      <arg column="MIN_RATE" jdbcType="DECIMAL" javaType="java.math.BigDecimal" />
      <arg column="PROD_DESC1" jdbcType="VARCHAR" javaType="java.lang.String" />
      <arg column="PROD_DESC2" jdbcType="VARCHAR" javaType="java.lang.String" />
      <arg column="OP_STATUS" jdbcType="CHAR" javaType="java.lang.String" />
      <arg column="PROD_STATUS" jdbcType="CHAR" javaType="java.lang.String" />
      <arg column="FASTEST_DAYS" jdbcType="DECIMAL" javaType="java.math.BigDecimal" />
      <arg column="OPERATE_REASON" jdbcType="VARCHAR" javaType="java.lang.String" />
      <arg column="OPERATE_USER" jdbcType="VARCHAR" javaType="java.lang.String" />
      <arg column="OPERATE_TMIE" jdbcType="TIMESTAMP" javaType="java.util.Date" />
    </constructor>
  </resultMap>
  <sql id="Base_Column_List" >
    PROD_ID, COMPANY_ID, PROD_CODE, PROD_NAME, PROD_TYPE, COMMISSION_RATIO, MAX_TERM, 
    MIN_TERM, MAX_RATE, MIN_RATE, PROD_DESC1, PROD_DESC2, OP_STATUS, PROD_STATUS, FASTEST_DAYS, 
    OPERATE_REASON, OPERATE_USER, OPERATE_TMIE
  </sql>
  <select id="selectByPrimaryKey" resultMap="BaseResultMap" parameterType="java.lang.String" >
    select 
    <include refid="Base_Column_List" />
    from bp_prod_baseinfo_m
    where PROD_ID = #{prodId,jdbcType=VARCHAR}
  </select>
  <delete id="deleteByPrimaryKey" parameterType="java.lang.String" >
    delete from bp_prod_baseinfo_m
    where PROD_ID = #{prodId,jdbcType=VARCHAR}
  </delete>
  <insert id="insert" parameterType="entity.BpProdBaseinfoM" >
    insert into bp_prod_baseinfo_m (PROD_ID, COMPANY_ID, PROD_CODE, 
      PROD_NAME, PROD_TYPE, COMMISSION_RATIO, 
      MAX_TERM, MIN_TERM, MAX_RATE, 
      MIN_RATE, PROD_DESC1, PROD_DESC2, 
      OP_STATUS, PROD_STATUS, FASTEST_DAYS, 
      OPERATE_REASON, OPERATE_USER, OPERATE_TMIE
      )
    values (#{prodId,jdbcType=VARCHAR}, #{companyId,jdbcType=VARCHAR}, #{prodCode,jdbcType=VARCHAR}, 
      #{prodName,jdbcType=VARCHAR}, #{prodType,jdbcType=CHAR}, #{commissionRatio,jdbcType=DECIMAL}, 
      #{maxTerm,jdbcType=INTEGER}, #{minTerm,jdbcType=INTEGER}, #{maxRate,jdbcType=DECIMAL}, 
      #{minRate,jdbcType=DECIMAL}, #{prodDesc1,jdbcType=VARCHAR}, #{prodDesc2,jdbcType=VARCHAR}, 
      #{opStatus,jdbcType=CHAR}, #{prodStatus,jdbcType=CHAR}, #{fastestDays,jdbcType=DECIMAL}, 
      #{operateReason,jdbcType=VARCHAR}, #{operateUser,jdbcType=VARCHAR}, #{operateTmie,jdbcType=TIMESTAMP}
      )
  </insert>
  <insert id="insertSelective" parameterType="entity.BpProdBaseinfoM" >
    insert into bp_prod_baseinfo_m
    <trim prefix="(" suffix=")" suffixOverrides="," >
      <if test="prodId != null" >
        PROD_ID,
      </if>
      <if test="companyId != null" >
        COMPANY_ID,
      </if>
      <if test="prodCode != null" >
        PROD_CODE,
      </if>
      <if test="prodName != null" >
        PROD_NAME,
      </if>
      <if test="prodType != null" >
        PROD_TYPE,
      </if>
      <if test="commissionRatio != null" >
        COMMISSION_RATIO,
      </if>
      <if test="maxTerm != null" >
        MAX_TERM,
      </if>
      <if test="minTerm != null" >
        MIN_TERM,
      </if>
      <if test="maxRate != null" >
        MAX_RATE,
      </if>
      <if test="minRate != null" >
        MIN_RATE,
      </if>
      <if test="prodDesc1 != null" >
        PROD_DESC1,
      </if>
      <if test="prodDesc2 != null" >
        PROD_DESC2,
      </if>
      <if test="opStatus != null" >
        OP_STATUS,
      </if>
      <if test="prodStatus != null" >
        PROD_STATUS,
      </if>
      <if test="fastestDays != null" >
        FASTEST_DAYS,
      </if>
      <if test="operateReason != null" >
        OPERATE_REASON,
      </if>
      <if test="operateUser != null" >
        OPERATE_USER,
      </if>
      <if test="operateTmie != null" >
        OPERATE_TMIE,
      </if>
    </trim>
    <trim prefix="values (" suffix=")" suffixOverrides="," >
      <if test="prodId != null" >
        #{prodId,jdbcType=VARCHAR},
      </if>
      <if test="companyId != null" >
        #{companyId,jdbcType=VARCHAR},
      </if>
      <if test="prodCode != null" >
        #{prodCode,jdbcType=VARCHAR},
      </if>
      <if test="prodName != null" >
        #{prodName,jdbcType=VARCHAR},
      </if>
      <if test="prodType != null" >
        #{prodType,jdbcType=CHAR},
      </if>
      <if test="commissionRatio != null" >
        #{commissionRatio,jdbcType=DECIMAL},
      </if>
      <if test="maxTerm != null" >
        #{maxTerm,jdbcType=INTEGER},
      </if>
      <if test="minTerm != null" >
        #{minTerm,jdbcType=INTEGER},
      </if>
      <if test="maxRate != null" >
        #{maxRate,jdbcType=DECIMAL},
      </if>
      <if test="minRate != null" >
        #{minRate,jdbcType=DECIMAL},
      </if>
      <if test="prodDesc1 != null" >
        #{prodDesc1,jdbcType=VARCHAR},
      </if>
      <if test="prodDesc2 != null" >
        #{prodDesc2,jdbcType=VARCHAR},
      </if>
      <if test="opStatus != null" >
        #{opStatus,jdbcType=CHAR},
      </if>
      <if test="prodStatus != null" >
        #{prodStatus,jdbcType=CHAR},
      </if>
      <if test="fastestDays != null" >
        #{fastestDays,jdbcType=DECIMAL},
      </if>
      <if test="operateReason != null" >
        #{operateReason,jdbcType=VARCHAR},
      </if>
      <if test="operateUser != null" >
        #{operateUser,jdbcType=VARCHAR},
      </if>
      <if test="operateTmie != null" >
        #{operateTmie,jdbcType=TIMESTAMP},
      </if>
    </trim>
  </insert>
  <update id="updateByPrimaryKeySelective" parameterType="entity.BpProdBaseinfoM" >
    update bp_prod_baseinfo_m
    <set >
      <if test="companyId != null" >
        COMPANY_ID = #{companyId,jdbcType=VARCHAR},
      </if>
      <if test="prodCode != null" >
        PROD_CODE = #{prodCode,jdbcType=VARCHAR},
      </if>
      <if test="prodName != null" >
        PROD_NAME = #{prodName,jdbcType=VARCHAR},
      </if>
      <if test="prodType != null" >
        PROD_TYPE = #{prodType,jdbcType=CHAR},
      </if>
      <if test="commissionRatio != null" >
        COMMISSION_RATIO = #{commissionRatio,jdbcType=DECIMAL},
      </if>
      <if test="maxTerm != null" >
        MAX_TERM = #{maxTerm,jdbcType=INTEGER},
      </if>
      <if test="minTerm != null" >
        MIN_TERM = #{minTerm,jdbcType=INTEGER},
      </if>
      <if test="maxRate != null" >
        MAX_RATE = #{maxRate,jdbcType=DECIMAL},
      </if>
      <if test="minRate != null" >
        MIN_RATE = #{minRate,jdbcType=DECIMAL},
      </if>
      <if test="prodDesc1 != null" >
        PROD_DESC1 = #{prodDesc1,jdbcType=VARCHAR},
      </if>
      <if test="prodDesc2 != null" >
        PROD_DESC2 = #{prodDesc2,jdbcType=VARCHAR},
      </if>
      <if test="opStatus != null" >
        OP_STATUS = #{opStatus,jdbcType=CHAR},
      </if>
      <if test="prodStatus != null" >
        PROD_STATUS = #{prodStatus,jdbcType=CHAR},
      </if>
      <if test="fastestDays != null" >
        FASTEST_DAYS = #{fastestDays,jdbcType=DECIMAL},
      </if>
      <if test="operateReason != null" >
        OPERATE_REASON = #{operateReason,jdbcType=VARCHAR},
      </if>
      <if test="operateUser != null" >
        OPERATE_USER = #{operateUser,jdbcType=VARCHAR},
      </if>
      <if test="operateTmie != null" >
        OPERATE_TMIE = #{operateTmie,jdbcType=TIMESTAMP},
      </if>
    </set>
    where PROD_ID = #{prodId,jdbcType=VARCHAR}
  </update>
  <update id="updateByPrimaryKey" parameterType="entity.BpProdBaseinfoM" >
    update bp_prod_baseinfo_m
    set COMPANY_ID = #{companyId,jdbcType=VARCHAR},
      PROD_CODE = #{prodCode,jdbcType=VARCHAR},
      PROD_NAME = #{prodName,jdbcType=VARCHAR},
      PROD_TYPE = #{prodType,jdbcType=CHAR},
      COMMISSION_RATIO = #{commissionRatio,jdbcType=DECIMAL},
      MAX_TERM = #{maxTerm,jdbcType=INTEGER},
      MIN_TERM = #{minTerm,jdbcType=INTEGER},
      MAX_RATE = #{maxRate,jdbcType=DECIMAL},
      MIN_RATE = #{minRate,jdbcType=DECIMAL},
      PROD_DESC1 = #{prodDesc1,jdbcType=VARCHAR},
      PROD_DESC2 = #{prodDesc2,jdbcType=VARCHAR},
      OP_STATUS = #{opStatus,jdbcType=CHAR},
      PROD_STATUS = #{prodStatus,jdbcType=CHAR},
      FASTEST_DAYS = #{fastestDays,jdbcType=DECIMAL},
      OPERATE_REASON = #{operateReason,jdbcType=VARCHAR},
      OPERATE_USER = #{operateUser,jdbcType=VARCHAR},
      OPERATE_TMIE = #{operateTmie,jdbcType=TIMESTAMP}
    where PROD_ID = #{prodId,jdbcType=VARCHAR}
  </update>
</mapper>