<?xml version="1.0" encoding="UTF-8" ?>
<!DOCTYPE mapper PUBLIC "-//mybatis.org//DTD Mapper 3.0//EN" "http://mybatis.org/dtd/mybatis-3-mapper.dtd" >
<mapper namespace="dao.BpPushRecordHMapper" >
  <resultMap id="BaseResultMap" type="entity.BpPushRecordH" >
    <constructor >
      <idArg column="SEQ_ID" jdbcType="VARCHAR" javaType="java.lang.String" />
      <arg column="PUSH_RECORD_ID" jdbcType="VARCHAR" javaType="java.lang.String" />
      <arg column="CHANNEL_USER_ID" jdbcType="VARCHAR" javaType="java.lang.String" />
      <arg column="COMPANY_ID" jdbcType="VARCHAR" javaType="java.lang.String" />
      <arg column="APPLY_INFO_ID" jdbcType="VARCHAR" javaType="java.lang.String" />
      <arg column="APPLY_TIME" jdbcType="TIMESTAMP" javaType="java.util.Date" />
      <arg column="ID_CARD_NO" jdbcType="VARCHAR" javaType="java.lang.String" />
      <arg column="OPERATE_USER" jdbcType="VARCHAR" javaType="java.lang.String" />
      <arg column="OPERATE_TMIE" jdbcType="TIMESTAMP" javaType="java.util.Date" />
    </constructor>
  </resultMap>
  <sql id="Base_Column_List" >
    SEQ_ID, PUSH_RECORD_ID, CHANNEL_USER_ID, COMPANY_ID, APPLY_INFO_ID, APPLY_TIME, ID_CARD_NO, 
    OPERATE_USER, OPERATE_TMIE
  </sql>
  <select id="selectByPrimaryKey" resultMap="BaseResultMap" parameterType="java.lang.String" >
    select 
    <include refid="Base_Column_List" />
    from bp_push_record_h
    where SEQ_ID = #{seqId,jdbcType=VARCHAR}
  </select>
  <delete id="deleteByPrimaryKey" parameterType="java.lang.String" >
    delete from bp_push_record_h
    where SEQ_ID = #{seqId,jdbcType=VARCHAR}
  </delete>
  <insert id="insert" parameterType="entity.BpPushRecordH" >
    insert into bp_push_record_h (SEQ_ID, PUSH_RECORD_ID, CHANNEL_USER_ID, 
      COMPANY_ID, APPLY_INFO_ID, APPLY_TIME, 
      ID_CARD_NO, OPERATE_USER, OPERATE_TMIE
      )
    values (#{seqId,jdbcType=VARCHAR}, #{pushRecordId,jdbcType=VARCHAR}, #{channelUserId,jdbcType=VARCHAR}, 
      #{companyId,jdbcType=VARCHAR}, #{applyInfoId,jdbcType=VARCHAR}, #{applyTime,jdbcType=TIMESTAMP}, 
      #{idCardNo,jdbcType=VARCHAR}, #{operateUser,jdbcType=VARCHAR}, #{operateTmie,jdbcType=TIMESTAMP}
      )
  </insert>
  <insert id="insertSelective" parameterType="entity.BpPushRecordH" >
    insert into bp_push_record_h
    <trim prefix="(" suffix=")" suffixOverrides="," >
      <if test="seqId != null" >
        SEQ_ID,
      </if>
      <if test="pushRecordId != null" >
        PUSH_RECORD_ID,
      </if>
      <if test="channelUserId != null" >
        CHANNEL_USER_ID,
      </if>
      <if test="companyId != null" >
        COMPANY_ID,
      </if>
      <if test="applyInfoId != null" >
        APPLY_INFO_ID,
      </if>
      <if test="applyTime != null" >
        APPLY_TIME,
      </if>
      <if test="idCardNo != null" >
        ID_CARD_NO,
      </if>
      <if test="operateUser != null" >
        OPERATE_USER,
      </if>
      <if test="operateTmie != null" >
        OPERATE_TMIE,
      </if>
    </trim>
    <trim prefix="values (" suffix=")" suffixOverrides="," >
      <if test="seqId != null" >
        #{seqId,jdbcType=VARCHAR},
      </if>
      <if test="pushRecordId != null" >
        #{pushRecordId,jdbcType=VARCHAR},
      </if>
      <if test="channelUserId != null" >
        #{channelUserId,jdbcType=VARCHAR},
      </if>
      <if test="companyId != null" >
        #{companyId,jdbcType=VARCHAR},
      </if>
      <if test="applyInfoId != null" >
        #{applyInfoId,jdbcType=VARCHAR},
      </if>
      <if test="applyTime != null" >
        #{applyTime,jdbcType=TIMESTAMP},
      </if>
      <if test="idCardNo != null" >
        #{idCardNo,jdbcType=VARCHAR},
      </if>
      <if test="operateUser != null" >
        #{operateUser,jdbcType=VARCHAR},
      </if>
      <if test="operateTmie != null" >
        #{operateTmie,jdbcType=TIMESTAMP},
      </if>
    </trim>
  </insert>
  <update id="updateByPrimaryKeySelective" parameterType="entity.BpPushRecordH" >
    update bp_push_record_h
    <set >
      <if test="pushRecordId != null" >
        PUSH_RECORD_ID = #{pushRecordId,jdbcType=VARCHAR},
      </if>
      <if test="channelUserId != null" >
        CHANNEL_USER_ID = #{channelUserId,jdbcType=VARCHAR},
      </if>
      <if test="companyId != null" >
        COMPANY_ID = #{companyId,jdbcType=VARCHAR},
      </if>
      <if test="applyInfoId != null" >
        APPLY_INFO_ID = #{applyInfoId,jdbcType=VARCHAR},
      </if>
      <if test="applyTime != null" >
        APPLY_TIME = #{applyTime,jdbcType=TIMESTAMP},
      </if>
      <if test="idCardNo != null" >
        ID_CARD_NO = #{idCardNo,jdbcType=VARCHAR},
      </if>
      <if test="operateUser != null" >
        OPERATE_USER = #{operateUser,jdbcType=VARCHAR},
      </if>
      <if test="operateTmie != null" >
        OPERATE_TMIE = #{operateTmie,jdbcType=TIMESTAMP},
      </if>
    </set>
    where SEQ_ID = #{seqId,jdbcType=VARCHAR}
  </update>
  <update id="updateByPrimaryKey" parameterType="entity.BpPushRecordH" >
    update bp_push_record_h
    set PUSH_RECORD_ID = #{pushRecordId,jdbcType=VARCHAR},
      CHANNEL_USER_ID = #{channelUserId,jdbcType=VARCHAR},
      COMPANY_ID = #{companyId,jdbcType=VARCHAR},
      APPLY_INFO_ID = #{applyInfoId,jdbcType=VARCHAR},
      APPLY_TIME = #{applyTime,jdbcType=TIMESTAMP},
      ID_CARD_NO = #{idCardNo,jdbcType=VARCHAR},
      OPERATE_USER = #{operateUser,jdbcType=VARCHAR},
      OPERATE_TMIE = #{operateTmie,jdbcType=TIMESTAMP}
    where SEQ_ID = #{seqId,jdbcType=VARCHAR}
  </update>
</mapper>