<?xml version="1.0" encoding="UTF-8" ?>
<!DOCTYPE mapper PUBLIC "-//mybatis.org//DTD Mapper 3.0//EN" "http://mybatis.org/dtd/mybatis-3-mapper.dtd" >
<mapper namespace="dao.BpPushRuleMMapper" >
  <resultMap id="BaseResultMap" type="entity.BpPushRuleM" >
    <constructor >
      <idArg column="PUSH_RULE_ID" jdbcType="VARCHAR" javaType="java.lang.String" />
      <arg column="RULE_CODE" jdbcType="VARCHAR" javaType="java.lang.String" />
      <arg column="RULE_NAME" jdbcType="VARCHAR" javaType="java.lang.String" />
      <arg column="RULE_VALUE" jdbcType="INTEGER" javaType="java.lang.Integer" />
      <arg column="STATUS" jdbcType="CHAR" javaType="java.lang.String" />
      <arg column="OPERATE_USER" jdbcType="VARCHAR" javaType="java.lang.String" />
      <arg column="OPERATE_TMIE" jdbcType="TIMESTAMP" javaType="java.util.Date" />
    </constructor>
  </resultMap>
  <sql id="Base_Column_List" >
    PUSH_RULE_ID, RULE_CODE, RULE_NAME, RULE_VALUE, STATUS, OPERATE_USER, OPERATE_TMIE
  </sql>
  <select id="selectByPrimaryKey" resultMap="BaseResultMap" parameterType="java.lang.String" >
    select 
    <include refid="Base_Column_List" />
    from bp_push_rule_m
    where PUSH_RULE_ID = #{pushRuleId,jdbcType=VARCHAR}
  </select>
  <delete id="deleteByPrimaryKey" parameterType="java.lang.String" >
    delete from bp_push_rule_m
    where PUSH_RULE_ID = #{pushRuleId,jdbcType=VARCHAR}
  </delete>
  <insert id="insert" parameterType="entity.BpPushRuleM" >
    insert into bp_push_rule_m (PUSH_RULE_ID, RULE_CODE, RULE_NAME, 
      RULE_VALUE, STATUS, OPERATE_USER, 
      OPERATE_TMIE)
    values (#{pushRuleId,jdbcType=VARCHAR}, #{ruleCode,jdbcType=VARCHAR}, #{ruleName,jdbcType=VARCHAR}, 
      #{ruleValue,jdbcType=INTEGER}, #{status,jdbcType=CHAR}, #{operateUser,jdbcType=VARCHAR}, 
      #{operateTmie,jdbcType=TIMESTAMP})
  </insert>
  <insert id="insertSelective" parameterType="entity.BpPushRuleM" >
    insert into bp_push_rule_m
    <trim prefix="(" suffix=")" suffixOverrides="," >
      <if test="pushRuleId != null" >
        PUSH_RULE_ID,
      </if>
      <if test="ruleCode != null" >
        RULE_CODE,
      </if>
      <if test="ruleName != null" >
        RULE_NAME,
      </if>
      <if test="ruleValue != null" >
        RULE_VALUE,
      </if>
      <if test="status != null" >
        STATUS,
      </if>
      <if test="operateUser != null" >
        OPERATE_USER,
      </if>
      <if test="operateTmie != null" >
        OPERATE_TMIE,
      </if>
    </trim>
    <trim prefix="values (" suffix=")" suffixOverrides="," >
      <if test="pushRuleId != null" >
        #{pushRuleId,jdbcType=VARCHAR},
      </if>
      <if test="ruleCode != null" >
        #{ruleCode,jdbcType=VARCHAR},
      </if>
      <if test="ruleName != null" >
        #{ruleName,jdbcType=VARCHAR},
      </if>
      <if test="ruleValue != null" >
        #{ruleValue,jdbcType=INTEGER},
      </if>
      <if test="status != null" >
        #{status,jdbcType=CHAR},
      </if>
      <if test="operateUser != null" >
        #{operateUser,jdbcType=VARCHAR},
      </if>
      <if test="operateTmie != null" >
        #{operateTmie,jdbcType=TIMESTAMP},
      </if>
    </trim>
  </insert>
  <update id="updateByPrimaryKeySelective" parameterType="entity.BpPushRuleM" >
    update bp_push_rule_m
    <set >
      <if test="ruleCode != null" >
        RULE_CODE = #{ruleCode,jdbcType=VARCHAR},
      </if>
      <if test="ruleName != null" >
        RULE_NAME = #{ruleName,jdbcType=VARCHAR},
      </if>
      <if test="ruleValue != null" >
        RULE_VALUE = #{ruleValue,jdbcType=INTEGER},
      </if>
      <if test="status != null" >
        STATUS = #{status,jdbcType=CHAR},
      </if>
      <if test="operateUser != null" >
        OPERATE_USER = #{operateUser,jdbcType=VARCHAR},
      </if>
      <if test="operateTmie != null" >
        OPERATE_TMIE = #{operateTmie,jdbcType=TIMESTAMP},
      </if>
    </set>
    where PUSH_RULE_ID = #{pushRuleId,jdbcType=VARCHAR}
  </update>
  <update id="updateByPrimaryKey" parameterType="entity.BpPushRuleM" >
    update bp_push_rule_m
    set RULE_CODE = #{ruleCode,jdbcType=VARCHAR},
      RULE_NAME = #{ruleName,jdbcType=VARCHAR},
      RULE_VALUE = #{ruleValue,jdbcType=INTEGER},
      STATUS = #{status,jdbcType=CHAR},
      OPERATE_USER = #{operateUser,jdbcType=VARCHAR},
      OPERATE_TMIE = #{operateTmie,jdbcType=TIMESTAMP}
    where PUSH_RULE_ID = #{pushRuleId,jdbcType=VARCHAR}
  </update>
</mapper>