<?xml version="1.0" encoding="UTF-8" ?>
<!DOCTYPE mapper PUBLIC "-//mybatis.org//DTD Mapper 3.0//EN" "http://mybatis.org/dtd/mybatis-3-mapper.dtd" >
<mapper namespace="dao.EmBizEvaluateMapper" >
  <resultMap id="BaseResultMap" type="entity.EmBizEvaluate" >
    <constructor >
      <idArg column="APPLY_INFO_ID" jdbcType="VARCHAR" javaType="java.lang.String" />
      <arg column="COMPANY_ID" jdbcType="VARCHAR" javaType="java.lang.String" />
      <arg column="CHANNEL_USER_ID" jdbcType="VARCHAR" javaType="java.lang.String" />
      <arg column="CUSTOMER_NAME" jdbcType="VARCHAR" javaType="java.lang.String" />
      <arg column="CUSTOMER_TELEPHONE" jdbcType="VARCHAR" javaType="java.lang.String" />
      <arg column="LOAN_AMOUNT" jdbcType="DECIMAL" javaType="java.math.BigDecimal" />
      <arg column="LENDING_DATE" jdbcType="TIMESTAMP" javaType="java.util.Date" />
      <arg column="LENDING_STATUS" jdbcType="CHAR" javaType="java.lang.String" />
      <arg column="REMARK" jdbcType="VARCHAR" javaType="java.lang.String" />
      <arg column="FUND_EVAL_SCORE" jdbcType="INTEGER" javaType="java.lang.Integer" />
      <arg column="FUND_EVAL_CONTENT" jdbcType="VARCHAR" javaType="java.lang.String" />
      <arg column="CHUR_EVAL_SCORE" jdbcType="INTEGER" javaType="java.lang.Integer" />
      <arg column="CHUR_EVAL_CONTENT" jdbcType="VARCHAR" javaType="java.lang.String" />
      <arg column="EVAL_STATUS" jdbcType="CHAR" javaType="java.lang.String" />
      <arg column="CREATE_TIME" jdbcType="TIMESTAMP" javaType="java.util.Date" />
    </constructor>
  </resultMap>
  <sql id="Base_Column_List" >
    APPLY_INFO_ID, COMPANY_ID, CHANNEL_USER_ID, CUSTOMER_NAME, CUSTOMER_TELEPHONE, LOAN_AMOUNT, 
    LENDING_DATE, LENDING_STATUS, REMARK, FUND_EVAL_SCORE, FUND_EVAL_CONTENT, CHUR_EVAL_SCORE, 
    CHUR_EVAL_CONTENT, EVAL_STATUS, CREATE_TIME
  </sql>
  <select id="selectByPrimaryKey" resultMap="BaseResultMap" parameterType="java.lang.String" >
    select 
    <include refid="Base_Column_List" />
    from em_biz_evaluate
    where APPLY_INFO_ID = #{applyInfoId,jdbcType=VARCHAR}
  </select>
  <delete id="deleteByPrimaryKey" parameterType="java.lang.String" >
    delete from em_biz_evaluate
    where APPLY_INFO_ID = #{applyInfoId,jdbcType=VARCHAR}
  </delete>
  <insert id="insert" parameterType="entity.EmBizEvaluate" >
    insert into em_biz_evaluate (APPLY_INFO_ID, COMPANY_ID, CHANNEL_USER_ID, 
      CUSTOMER_NAME, CUSTOMER_TELEPHONE, LOAN_AMOUNT, 
      LENDING_DATE, LENDING_STATUS, REMARK, 
      FUND_EVAL_SCORE, FUND_EVAL_CONTENT, CHUR_EVAL_SCORE, 
      CHUR_EVAL_CONTENT, EVAL_STATUS, CREATE_TIME
      )
    values (#{applyInfoId,jdbcType=VARCHAR}, #{companyId,jdbcType=VARCHAR}, #{channelUserId,jdbcType=VARCHAR}, 
      #{customerName,jdbcType=VARCHAR}, #{customerTelephone,jdbcType=VARCHAR}, #{loanAmount,jdbcType=DECIMAL}, 
      #{lendingDate,jdbcType=TIMESTAMP}, #{lendingStatus,jdbcType=CHAR}, #{remark,jdbcType=VARCHAR}, 
      #{fundEvalScore,jdbcType=INTEGER}, #{fundEvalContent,jdbcType=VARCHAR}, #{churEvalScore,jdbcType=INTEGER}, 
      #{churEvalContent,jdbcType=VARCHAR}, #{evalStatus,jdbcType=CHAR}, #{createTime,jdbcType=TIMESTAMP}
      )
  </insert>
  <insert id="insertSelective" parameterType="entity.EmBizEvaluate" >
    insert into em_biz_evaluate
    <trim prefix="(" suffix=")" suffixOverrides="," >
      <if test="applyInfoId != null" >
        APPLY_INFO_ID,
      </if>
      <if test="companyId != null" >
        COMPANY_ID,
      </if>
      <if test="channelUserId != null" >
        CHANNEL_USER_ID,
      </if>
      <if test="customerName != null" >
        CUSTOMER_NAME,
      </if>
      <if test="customerTelephone != null" >
        CUSTOMER_TELEPHONE,
      </if>
      <if test="loanAmount != null" >
        LOAN_AMOUNT,
      </if>
      <if test="lendingDate != null" >
        LENDING_DATE,
      </if>
      <if test="lendingStatus != null" >
        LENDING_STATUS,
      </if>
      <if test="remark != null" >
        REMARK,
      </if>
      <if test="fundEvalScore != null" >
        FUND_EVAL_SCORE,
      </if>
      <if test="fundEvalContent != null" >
        FUND_EVAL_CONTENT,
      </if>
      <if test="churEvalScore != null" >
        CHUR_EVAL_SCORE,
      </if>
      <if test="churEvalContent != null" >
        CHUR_EVAL_CONTENT,
      </if>
      <if test="evalStatus != null" >
        EVAL_STATUS,
      </if>
      <if test="createTime != null" >
        CREATE_TIME,
      </if>
    </trim>
    <trim prefix="values (" suffix=")" suffixOverrides="," >
      <if test="applyInfoId != null" >
        #{applyInfoId,jdbcType=VARCHAR},
      </if>
      <if test="companyId != null" >
        #{companyId,jdbcType=VARCHAR},
      </if>
      <if test="channelUserId != null" >
        #{channelUserId,jdbcType=VARCHAR},
      </if>
      <if test="customerName != null" >
        #{customerName,jdbcType=VARCHAR},
      </if>
      <if test="customerTelephone != null" >
        #{customerTelephone,jdbcType=VARCHAR},
      </if>
      <if test="loanAmount != null" >
        #{loanAmount,jdbcType=DECIMAL},
      </if>
      <if test="lendingDate != null" >
        #{lendingDate,jdbcType=TIMESTAMP},
      </if>
      <if test="lendingStatus != null" >
        #{lendingStatus,jdbcType=CHAR},
      </if>
      <if test="remark != null" >
        #{remark,jdbcType=VARCHAR},
      </if>
      <if test="fundEvalScore != null" >
        #{fundEvalScore,jdbcType=INTEGER},
      </if>
      <if test="fundEvalContent != null" >
        #{fundEvalContent,jdbcType=VARCHAR},
      </if>
      <if test="churEvalScore != null" >
        #{churEvalScore,jdbcType=INTEGER},
      </if>
      <if test="churEvalContent != null" >
        #{churEvalContent,jdbcType=VARCHAR},
      </if>
      <if test="evalStatus != null" >
        #{evalStatus,jdbcType=CHAR},
      </if>
      <if test="createTime != null" >
        #{createTime,jdbcType=TIMESTAMP},
      </if>
    </trim>
  </insert>
  <update id="updateByPrimaryKeySelective" parameterType="entity.EmBizEvaluate" >
    update em_biz_evaluate
    <set >
      <if test="companyId != null" >
        COMPANY_ID = #{companyId,jdbcType=VARCHAR},
      </if>
      <if test="channelUserId != null" >
        CHANNEL_USER_ID = #{channelUserId,jdbcType=VARCHAR},
      </if>
      <if test="customerName != null" >
        CUSTOMER_NAME = #{customerName,jdbcType=VARCHAR},
      </if>
      <if test="customerTelephone != null" >
        CUSTOMER_TELEPHONE = #{customerTelephone,jdbcType=VARCHAR},
      </if>
      <if test="loanAmount != null" >
        LOAN_AMOUNT = #{loanAmount,jdbcType=DECIMAL},
      </if>
      <if test="lendingDate != null" >
        LENDING_DATE = #{lendingDate,jdbcType=TIMESTAMP},
      </if>
      <if test="lendingStatus != null" >
        LENDING_STATUS = #{lendingStatus,jdbcType=CHAR},
      </if>
      <if test="remark != null" >
        REMARK = #{remark,jdbcType=VARCHAR},
      </if>
      <if test="fundEvalScore != null" >
        FUND_EVAL_SCORE = #{fundEvalScore,jdbcType=INTEGER},
      </if>
      <if test="fundEvalContent != null" >
        FUND_EVAL_CONTENT = #{fundEvalContent,jdbcType=VARCHAR},
      </if>
      <if test="churEvalScore != null" >
        CHUR_EVAL_SCORE = #{churEvalScore,jdbcType=INTEGER},
      </if>
      <if test="churEvalContent != null" >
        CHUR_EVAL_CONTENT = #{churEvalContent,jdbcType=VARCHAR},
      </if>
      <if test="evalStatus != null" >
        EVAL_STATUS = #{evalStatus,jdbcType=CHAR},
      </if>
      <if test="createTime != null" >
        CREATE_TIME = #{createTime,jdbcType=TIMESTAMP},
      </if>
    </set>
    where APPLY_INFO_ID = #{applyInfoId,jdbcType=VARCHAR}
  </update>
  <update id="updateByPrimaryKey" parameterType="entity.EmBizEvaluate" >
    update em_biz_evaluate
    set COMPANY_ID = #{companyId,jdbcType=VARCHAR},
      CHANNEL_USER_ID = #{channelUserId,jdbcType=VARCHAR},
      CUSTOMER_NAME = #{customerName,jdbcType=VARCHAR},
      CUSTOMER_TELEPHONE = #{customerTelephone,jdbcType=VARCHAR},
      LOAN_AMOUNT = #{loanAmount,jdbcType=DECIMAL},
      LENDING_DATE = #{lendingDate,jdbcType=TIMESTAMP},
      LENDING_STATUS = #{lendingStatus,jdbcType=CHAR},
      REMARK = #{remark,jdbcType=VARCHAR},
      FUND_EVAL_SCORE = #{fundEvalScore,jdbcType=INTEGER},
      FUND_EVAL_CONTENT = #{fundEvalContent,jdbcType=VARCHAR},
      CHUR_EVAL_SCORE = #{churEvalScore,jdbcType=INTEGER},
      CHUR_EVAL_CONTENT = #{churEvalContent,jdbcType=VARCHAR},
      EVAL_STATUS = #{evalStatus,jdbcType=CHAR},
      CREATE_TIME = #{createTime,jdbcType=TIMESTAMP}
    where APPLY_INFO_ID = #{applyInfoId,jdbcType=VARCHAR}
  </update>
</mapper>