<?xml version="1.0" encoding="UTF-8" ?>
<!DOCTYPE mapper PUBLIC "-//mybatis.org//DTD Mapper 3.0//EN" "http://mybatis.org/dtd/mybatis-3-mapper.dtd" >
<mapper namespace="dao.EmChurTagDtlMapper" >
  <resultMap id="BaseResultMap" type="entity.EmChurTagDtl" >
    <constructor >
      <idArg column="APPLY_INFO_ID" jdbcType="VARCHAR" javaType="java.lang.String" />
      <arg column="CHANNEL_USER_ID" jdbcType="VARCHAR" javaType="java.lang.String" />
      <arg column="TAG_CODE" jdbcType="INTEGER" javaType="java.lang.Integer" />
      <arg column="CREATE_TIME" jdbcType="TIMESTAMP" javaType="java.util.Date" />
    </constructor>
  </resultMap>
  <sql id="Base_Column_List" >
    APPLY_INFO_ID, CHANNEL_USER_ID, TAG_CODE, CREATE_TIME
  </sql>
  <select id="selectByPrimaryKey" resultMap="BaseResultMap" parameterType="java.lang.String" >
    select 
    <include refid="Base_Column_List" />
    from em_chur_tag_dtl
    where APPLY_INFO_ID = #{applyInfoId,jdbcType=VARCHAR}
  </select>
  <delete id="deleteByPrimaryKey" parameterType="java.lang.String" >
    delete from em_chur_tag_dtl
    where APPLY_INFO_ID = #{applyInfoId,jdbcType=VARCHAR}
  </delete>
  <insert id="insert" parameterType="entity.EmChurTagDtl" >
    insert into em_chur_tag_dtl (APPLY_INFO_ID, CHANNEL_USER_ID, TAG_CODE, 
      CREATE_TIME)
    values (#{applyInfoId,jdbcType=VARCHAR}, #{channelUserId,jdbcType=VARCHAR}, #{tagCode,jdbcType=INTEGER}, 
      #{createTime,jdbcType=TIMESTAMP})
  </insert>
  <insert id="insertSelective" parameterType="entity.EmChurTagDtl" >
    insert into em_chur_tag_dtl
    <trim prefix="(" suffix=")" suffixOverrides="," >
      <if test="applyInfoId != null" >
        APPLY_INFO_ID,
      </if>
      <if test="channelUserId != null" >
        CHANNEL_USER_ID,
      </if>
      <if test="tagCode != null" >
        TAG_CODE,
      </if>
      <if test="createTime != null" >
        CREATE_TIME,
      </if>
    </trim>
    <trim prefix="values (" suffix=")" suffixOverrides="," >
      <if test="applyInfoId != null" >
        #{applyInfoId,jdbcType=VARCHAR},
      </if>
      <if test="channelUserId != null" >
        #{channelUserId,jdbcType=VARCHAR},
      </if>
      <if test="tagCode != null" >
        #{tagCode,jdbcType=INTEGER},
      </if>
      <if test="createTime != null" >
        #{createTime,jdbcType=TIMESTAMP},
      </if>
    </trim>
  </insert>
  <update id="updateByPrimaryKeySelective" parameterType="entity.EmChurTagDtl" >
    update em_chur_tag_dtl
    <set >
      <if test="channelUserId != null" >
        CHANNEL_USER_ID = #{channelUserId,jdbcType=VARCHAR},
      </if>
      <if test="tagCode != null" >
        TAG_CODE = #{tagCode,jdbcType=INTEGER},
      </if>
      <if test="createTime != null" >
        CREATE_TIME = #{createTime,jdbcType=TIMESTAMP},
      </if>
    </set>
    where APPLY_INFO_ID = #{applyInfoId,jdbcType=VARCHAR}
  </update>
  <update id="updateByPrimaryKey" parameterType="entity.EmChurTagDtl" >
    update em_chur_tag_dtl
    set CHANNEL_USER_ID = #{channelUserId,jdbcType=VARCHAR},
      TAG_CODE = #{tagCode,jdbcType=INTEGER},
      CREATE_TIME = #{createTime,jdbcType=TIMESTAMP}
    where APPLY_INFO_ID = #{applyInfoId,jdbcType=VARCHAR}
  </update>
</mapper>