<?xml version="1.0" encoding="UTF-8" ?>
<!DOCTYPE mapper PUBLIC "-//mybatis.org//DTD Mapper 3.0//EN" "http://mybatis.org/dtd/mybatis-3-mapper.dtd" >
<mapper namespace="dao.EmFundEvalCountMapper" >
  <resultMap id="BaseResultMap" type="entity.EmFundEvalCount" >
    <constructor >
      <idArg column="COMPANY_ID" jdbcType="VARCHAR" javaType="java.lang.String" />
      <arg column="EVAL_SCORE" jdbcType="INTEGER" javaType="java.lang.Integer" />
      <arg column="STATUS" jdbcType="CHAR" javaType="java.lang.String" />
      <arg column="LAST_MODIFY_USER" jdbcType="VARCHAR" javaType="java.lang.String" />
      <arg column="LAST_MODIFY_TIME" jdbcType="DATE" javaType="java.util.Date" />
    </constructor>
  </resultMap>
  <sql id="Base_Column_List" >
    COMPANY_ID, EVAL_SCORE, STATUS, LAST_MODIFY_USER, LAST_MODIFY_TIME
  </sql>
  <select id="selectByPrimaryKey" resultMap="BaseResultMap" parameterType="java.lang.String" >
    select 
    <include refid="Base_Column_List" />
    from em_fund_eval_count
    where COMPANY_ID = #{companyId,jdbcType=VARCHAR}
  </select>
  <delete id="deleteByPrimaryKey" parameterType="java.lang.String" >
    delete from em_fund_eval_count
    where COMPANY_ID = #{companyId,jdbcType=VARCHAR}
  </delete>
  <insert id="insert" parameterType="entity.EmFundEvalCount" >
    insert into em_fund_eval_count (COMPANY_ID, EVAL_SCORE, STATUS, 
      LAST_MODIFY_USER, LAST_MODIFY_TIME)
    values (#{companyId,jdbcType=VARCHAR}, #{evalScore,jdbcType=INTEGER}, #{status,jdbcType=CHAR}, 
      #{lastModifyUser,jdbcType=VARCHAR}, #{lastModifyTime,jdbcType=DATE})
  </insert>
  <insert id="insertSelective" parameterType="entity.EmFundEvalCount" >
    insert into em_fund_eval_count
    <trim prefix="(" suffix=")" suffixOverrides="," >
      <if test="companyId != null" >
        COMPANY_ID,
      </if>
      <if test="evalScore != null" >
        EVAL_SCORE,
      </if>
      <if test="status != null" >
        STATUS,
      </if>
      <if test="lastModifyUser != null" >
        LAST_MODIFY_USER,
      </if>
      <if test="lastModifyTime != null" >
        LAST_MODIFY_TIME,
      </if>
    </trim>
    <trim prefix="values (" suffix=")" suffixOverrides="," >
      <if test="companyId != null" >
        #{companyId,jdbcType=VARCHAR},
      </if>
      <if test="evalScore != null" >
        #{evalScore,jdbcType=INTEGER},
      </if>
      <if test="status != null" >
        #{status,jdbcType=CHAR},
      </if>
      <if test="lastModifyUser != null" >
        #{lastModifyUser,jdbcType=VARCHAR},
      </if>
      <if test="lastModifyTime != null" >
        #{lastModifyTime,jdbcType=DATE},
      </if>
    </trim>
  </insert>
  <update id="updateByPrimaryKeySelective" parameterType="entity.EmFundEvalCount" >
    update em_fund_eval_count
    <set >
      <if test="evalScore != null" >
        EVAL_SCORE = #{evalScore,jdbcType=INTEGER},
      </if>
      <if test="status != null" >
        STATUS = #{status,jdbcType=CHAR},
      </if>
      <if test="lastModifyUser != null" >
        LAST_MODIFY_USER = #{lastModifyUser,jdbcType=VARCHAR},
      </if>
      <if test="lastModifyTime != null" >
        LAST_MODIFY_TIME = #{lastModifyTime,jdbcType=DATE},
      </if>
    </set>
    where COMPANY_ID = #{companyId,jdbcType=VARCHAR}
  </update>
  <update id="updateByPrimaryKey" parameterType="entity.EmFundEvalCount" >
    update em_fund_eval_count
    set EVAL_SCORE = #{evalScore,jdbcType=INTEGER},
      STATUS = #{status,jdbcType=CHAR},
      LAST_MODIFY_USER = #{lastModifyUser,jdbcType=VARCHAR},
      LAST_MODIFY_TIME = #{lastModifyTime,jdbcType=DATE}
    where COMPANY_ID = #{companyId,jdbcType=VARCHAR}
  </update>
</mapper>