<?xml version="1.0" encoding="UTF-8" ?>
<!DOCTYPE mapper PUBLIC "-//mybatis.org//DTD Mapper 3.0//EN" "http://mybatis.org/dtd/mybatis-3-mapper.dtd" >
<mapper namespace="dao.EmSensitiveWordMMapper" >
  <resultMap id="BaseResultMap" type="entity.EmSensitiveWordM" >
    <constructor >
      <idArg column="INFO_ID" jdbcType="VARCHAR" javaType="java.lang.String" />
      <arg column="WORD_CONTENT" jdbcType="VARCHAR" javaType="java.lang.String" />
      <arg column="WORD_DESC" jdbcType="VARCHAR" javaType="java.lang.String" />
      <arg column="STATUS" jdbcType="CHAR" javaType="java.lang.String" />
      <arg column="CREATE_USER" jdbcType="VARCHAR" javaType="java.lang.String" />
      <arg column="CREATE_TIME" jdbcType="DATE" javaType="java.util.Date" />
      <arg column="LAST_MODIFY_USER" jdbcType="VARCHAR" javaType="java.lang.String" />
      <arg column="LAST_MODIFY_TIME" jdbcType="DATE" javaType="java.util.Date" />
      <arg column="VERSION" jdbcType="INTEGER" javaType="java.lang.Integer" />
    </constructor>
  </resultMap>
  <sql id="Base_Column_List" >
    INFO_ID, WORD_CONTENT, WORD_DESC, STATUS, CREATE_USER, CREATE_TIME, LAST_MODIFY_USER, 
    LAST_MODIFY_TIME, VERSION
  </sql>
  <select id="selectByPrimaryKey" resultMap="BaseResultMap" parameterType="java.lang.String" >
    select 
    <include refid="Base_Column_List" />
    from em_sensitive_word_m
    where INFO_ID = #{infoId,jdbcType=VARCHAR}
  </select>
  <delete id="deleteByPrimaryKey" parameterType="java.lang.String" >
    delete from em_sensitive_word_m
    where INFO_ID = #{infoId,jdbcType=VARCHAR}
  </delete>
  <insert id="insert" parameterType="entity.EmSensitiveWordM" >
    insert into em_sensitive_word_m (INFO_ID, WORD_CONTENT, WORD_DESC, 
      STATUS, CREATE_USER, CREATE_TIME, 
      LAST_MODIFY_USER, LAST_MODIFY_TIME, VERSION
      )
    values (#{infoId,jdbcType=VARCHAR}, #{wordContent,jdbcType=VARCHAR}, #{wordDesc,jdbcType=VARCHAR}, 
      #{status,jdbcType=CHAR}, #{createUser,jdbcType=VARCHAR}, #{createTime,jdbcType=DATE}, 
      #{lastModifyUser,jdbcType=VARCHAR}, #{lastModifyTime,jdbcType=DATE}, #{version,jdbcType=INTEGER}
      )
  </insert>
  <insert id="insertSelective" parameterType="entity.EmSensitiveWordM" >
    insert into em_sensitive_word_m
    <trim prefix="(" suffix=")" suffixOverrides="," >
      <if test="infoId != null" >
        INFO_ID,
      </if>
      <if test="wordContent != null" >
        WORD_CONTENT,
      </if>
      <if test="wordDesc != null" >
        WORD_DESC,
      </if>
      <if test="status != null" >
        STATUS,
      </if>
      <if test="createUser != null" >
        CREATE_USER,
      </if>
      <if test="createTime != null" >
        CREATE_TIME,
      </if>
      <if test="lastModifyUser != null" >
        LAST_MODIFY_USER,
      </if>
      <if test="lastModifyTime != null" >
        LAST_MODIFY_TIME,
      </if>
      <if test="version != null" >
        VERSION,
      </if>
    </trim>
    <trim prefix="values (" suffix=")" suffixOverrides="," >
      <if test="infoId != null" >
        #{infoId,jdbcType=VARCHAR},
      </if>
      <if test="wordContent != null" >
        #{wordContent,jdbcType=VARCHAR},
      </if>
      <if test="wordDesc != null" >
        #{wordDesc,jdbcType=VARCHAR},
      </if>
      <if test="status != null" >
        #{status,jdbcType=CHAR},
      </if>
      <if test="createUser != null" >
        #{createUser,jdbcType=VARCHAR},
      </if>
      <if test="createTime != null" >
        #{createTime,jdbcType=DATE},
      </if>
      <if test="lastModifyUser != null" >
        #{lastModifyUser,jdbcType=VARCHAR},
      </if>
      <if test="lastModifyTime != null" >
        #{lastModifyTime,jdbcType=DATE},
      </if>
      <if test="version != null" >
        #{version,jdbcType=INTEGER},
      </if>
    </trim>
  </insert>
  <update id="updateByPrimaryKeySelective" parameterType="entity.EmSensitiveWordM" >
    update em_sensitive_word_m
    <set >
      <if test="wordContent != null" >
        WORD_CONTENT = #{wordContent,jdbcType=VARCHAR},
      </if>
      <if test="wordDesc != null" >
        WORD_DESC = #{wordDesc,jdbcType=VARCHAR},
      </if>
      <if test="status != null" >
        STATUS = #{status,jdbcType=CHAR},
      </if>
      <if test="createUser != null" >
        CREATE_USER = #{createUser,jdbcType=VARCHAR},
      </if>
      <if test="createTime != null" >
        CREATE_TIME = #{createTime,jdbcType=DATE},
      </if>
      <if test="lastModifyUser != null" >
        LAST_MODIFY_USER = #{lastModifyUser,jdbcType=VARCHAR},
      </if>
      <if test="lastModifyTime != null" >
        LAST_MODIFY_TIME = #{lastModifyTime,jdbcType=DATE},
      </if>
      <if test="version != null" >
        VERSION = #{version,jdbcType=INTEGER},
      </if>
    </set>
    where INFO_ID = #{infoId,jdbcType=VARCHAR}
  </update>
  <update id="updateByPrimaryKey" parameterType="entity.EmSensitiveWordM" >
    update em_sensitive_word_m
    set WORD_CONTENT = #{wordContent,jdbcType=VARCHAR},
      WORD_DESC = #{wordDesc,jdbcType=VARCHAR},
      STATUS = #{status,jdbcType=CHAR},
      CREATE_USER = #{createUser,jdbcType=VARCHAR},
      CREATE_TIME = #{createTime,jdbcType=DATE},
      LAST_MODIFY_USER = #{lastModifyUser,jdbcType=VARCHAR},
      LAST_MODIFY_TIME = #{lastModifyTime,jdbcType=DATE},
      VERSION = #{version,jdbcType=INTEGER}
    where INFO_ID = #{infoId,jdbcType=VARCHAR}
  </update>
</mapper>