<?xml version="1.0" encoding="UTF-8" ?>
<!DOCTYPE mapper PUBLIC "-//mybatis.org//DTD Mapper 3.0//EN" "http://mybatis.org/dtd/mybatis-3-mapper.dtd" >
<mapper namespace="dao.EmTagCodeMapper" >
  <resultMap id="BaseResultMap" type="entity.EmTagCode" >
    <constructor >
      <idArg column="TAG_CODE" jdbcType="VARCHAR" javaType="java.lang.String" />
      <arg column="TAG_CONTENT" jdbcType="VARCHAR" javaType="java.lang.String" />
      <arg column="TAG_PROPERTY" jdbcType="CHAR" javaType="java.lang.String" />
      <arg column="TAG_TYPE" jdbcType="CHAR" javaType="java.lang.String" />
      <arg column="STATUS" jdbcType="CHAR" javaType="java.lang.String" />
      <arg column="TAG_PROD_TYPE" jdbcType="CHAR" javaType="java.lang.String" />
      <arg column="CREATE_USER" jdbcType="VARCHAR" javaType="java.lang.String" />
      <arg column="CREATE_TIME" jdbcType="DATE" javaType="java.util.Date" />
      <arg column="LAST_MODIFY_USER" jdbcType="VARCHAR" javaType="java.lang.String" />
      <arg column="LAST_MODIFY_TIME" jdbcType="DATE" javaType="java.util.Date" />
      <arg column="VERSION" jdbcType="INTEGER" javaType="java.lang.Integer" />
    </constructor>
  </resultMap>
  <sql id="Base_Column_List" >
    TAG_CODE, TAG_CONTENT, TAG_PROPERTY, TAG_TYPE, STATUS, TAG_PROD_TYPE, CREATE_USER, 
    CREATE_TIME, LAST_MODIFY_USER, LAST_MODIFY_TIME, VERSION
  </sql>
  <select id="selectByPrimaryKey" resultMap="BaseResultMap" parameterType="java.lang.String" >
    select 
    <include refid="Base_Column_List" />
    from em_tag_code
    where TAG_CODE = #{tagCode,jdbcType=VARCHAR}
  </select>
  <delete id="deleteByPrimaryKey" parameterType="java.lang.String" >
    delete from em_tag_code
    where TAG_CODE = #{tagCode,jdbcType=VARCHAR}
  </delete>
  <insert id="insert" parameterType="entity.EmTagCode" >
    insert into em_tag_code (TAG_CODE, TAG_CONTENT, TAG_PROPERTY, 
      TAG_TYPE, STATUS, TAG_PROD_TYPE, 
      CREATE_USER, CREATE_TIME, LAST_MODIFY_USER, 
      LAST_MODIFY_TIME, VERSION)
    values (#{tagCode,jdbcType=VARCHAR}, #{tagContent,jdbcType=VARCHAR}, #{tagProperty,jdbcType=CHAR}, 
      #{tagType,jdbcType=CHAR}, #{status,jdbcType=CHAR}, #{tagProdType,jdbcType=CHAR}, 
      #{createUser,jdbcType=VARCHAR}, #{createTime,jdbcType=DATE}, #{lastModifyUser,jdbcType=VARCHAR}, 
      #{lastModifyTime,jdbcType=DATE}, #{version,jdbcType=INTEGER})
  </insert>
  <insert id="insertSelective" parameterType="entity.EmTagCode" >
    insert into em_tag_code
    <trim prefix="(" suffix=")" suffixOverrides="," >
      <if test="tagCode != null" >
        TAG_CODE,
      </if>
      <if test="tagContent != null" >
        TAG_CONTENT,
      </if>
      <if test="tagProperty != null" >
        TAG_PROPERTY,
      </if>
      <if test="tagType != null" >
        TAG_TYPE,
      </if>
      <if test="status != null" >
        STATUS,
      </if>
      <if test="tagProdType != null" >
        TAG_PROD_TYPE,
      </if>
      <if test="createUser != null" >
        CREATE_USER,
      </if>
      <if test="createTime != null" >
        CREATE_TIME,
      </if>
      <if test="lastModifyUser != null" >
        LAST_MODIFY_USER,
      </if>
      <if test="lastModifyTime != null" >
        LAST_MODIFY_TIME,
      </if>
      <if test="version != null" >
        VERSION,
      </if>
    </trim>
    <trim prefix="values (" suffix=")" suffixOverrides="," >
      <if test="tagCode != null" >
        #{tagCode,jdbcType=VARCHAR},
      </if>
      <if test="tagContent != null" >
        #{tagContent,jdbcType=VARCHAR},
      </if>
      <if test="tagProperty != null" >
        #{tagProperty,jdbcType=CHAR},
      </if>
      <if test="tagType != null" >
        #{tagType,jdbcType=CHAR},
      </if>
      <if test="status != null" >
        #{status,jdbcType=CHAR},
      </if>
      <if test="tagProdType != null" >
        #{tagProdType,jdbcType=CHAR},
      </if>
      <if test="createUser != null" >
        #{createUser,jdbcType=VARCHAR},
      </if>
      <if test="createTime != null" >
        #{createTime,jdbcType=DATE},
      </if>
      <if test="lastModifyUser != null" >
        #{lastModifyUser,jdbcType=VARCHAR},
      </if>
      <if test="lastModifyTime != null" >
        #{lastModifyTime,jdbcType=DATE},
      </if>
      <if test="version != null" >
        #{version,jdbcType=INTEGER},
      </if>
    </trim>
  </insert>
  <update id="updateByPrimaryKeySelective" parameterType="entity.EmTagCode" >
    update em_tag_code
    <set >
      <if test="tagContent != null" >
        TAG_CONTENT = #{tagContent,jdbcType=VARCHAR},
      </if>
      <if test="tagProperty != null" >
        TAG_PROPERTY = #{tagProperty,jdbcType=CHAR},
      </if>
      <if test="tagType != null" >
        TAG_TYPE = #{tagType,jdbcType=CHAR},
      </if>
      <if test="status != null" >
        STATUS = #{status,jdbcType=CHAR},
      </if>
      <if test="tagProdType != null" >
        TAG_PROD_TYPE = #{tagProdType,jdbcType=CHAR},
      </if>
      <if test="createUser != null" >
        CREATE_USER = #{createUser,jdbcType=VARCHAR},
      </if>
      <if test="createTime != null" >
        CREATE_TIME = #{createTime,jdbcType=DATE},
      </if>
      <if test="lastModifyUser != null" >
        LAST_MODIFY_USER = #{lastModifyUser,jdbcType=VARCHAR},
      </if>
      <if test="lastModifyTime != null" >
        LAST_MODIFY_TIME = #{lastModifyTime,jdbcType=DATE},
      </if>
      <if test="version != null" >
        VERSION = #{version,jdbcType=INTEGER},
      </if>
    </set>
    where TAG_CODE = #{tagCode,jdbcType=VARCHAR}
  </update>
  <update id="updateByPrimaryKey" parameterType="entity.EmTagCode" >
    update em_tag_code
    set TAG_CONTENT = #{tagContent,jdbcType=VARCHAR},
      TAG_PROPERTY = #{tagProperty,jdbcType=CHAR},
      TAG_TYPE = #{tagType,jdbcType=CHAR},
      STATUS = #{status,jdbcType=CHAR},
      TAG_PROD_TYPE = #{tagProdType,jdbcType=CHAR},
      CREATE_USER = #{createUser,jdbcType=VARCHAR},
      CREATE_TIME = #{createTime,jdbcType=DATE},
      LAST_MODIFY_USER = #{lastModifyUser,jdbcType=VARCHAR},
      LAST_MODIFY_TIME = #{lastModifyTime,jdbcType=DATE},
      VERSION = #{version,jdbcType=INTEGER}
    where TAG_CODE = #{tagCode,jdbcType=VARCHAR}
  </update>
</mapper>