<?xml version="1.0" encoding="UTF-8" ?>
<!DOCTYPE mapper PUBLIC "-//mybatis.org//DTD Mapper 3.0//EN" "http://mybatis.org/dtd/mybatis-3-mapper.dtd" >
<mapper namespace="dao.GbDictMapper" >
  <resultMap id="BaseResultMap" type="entity.GbDict" >
    <constructor >
      <idArg column="PARMNAME" jdbcType="VARCHAR" javaType="java.lang.String" />
      <idArg column="PARMTYPE" jdbcType="VARCHAR" javaType="java.lang.String" />
      <arg column="PARMVALUE" jdbcType="VARCHAR" javaType="java.lang.String" />
      <arg column="PARMDATATYPE" jdbcType="INTEGER" javaType="java.lang.Integer" />
      <arg column="PARMDESC" jdbcType="VARCHAR" javaType="java.lang.String" />
      <arg column="ISDISBLE" jdbcType="CHAR" javaType="java.lang.String" />
      <arg column="ORDERNUM" jdbcType="INTEGER" javaType="java.lang.Integer" />
    </constructor>
  </resultMap>
  <sql id="Base_Column_List" >
    PARMNAME, PARMTYPE, PARMVALUE, PARMDATATYPE, PARMDESC, ISDISBLE, ORDERNUM
  </sql>
  <select id="selectByPrimaryKey" resultMap="BaseResultMap" parameterType="entity.GbDictKey" >
    select 
    <include refid="Base_Column_List" />
    from gb_dict
    where PARMNAME = #{parmname,jdbcType=VARCHAR}
      and PARMTYPE = #{parmtype,jdbcType=VARCHAR}
  </select>
  <delete id="deleteByPrimaryKey" parameterType="entity.GbDictKey" >
    delete from gb_dict
    where PARMNAME = #{parmname,jdbcType=VARCHAR}
      and PARMTYPE = #{parmtype,jdbcType=VARCHAR}
  </delete>
  <insert id="insert" parameterType="entity.GbDict" >
    insert into gb_dict (PARMNAME, PARMTYPE, PARMVALUE, 
      PARMDATATYPE, PARMDESC, ISDISBLE, 
      ORDERNUM)
    values (#{parmname,jdbcType=VARCHAR}, #{parmtype,jdbcType=VARCHAR}, #{parmvalue,jdbcType=VARCHAR}, 
      #{parmdatatype,jdbcType=INTEGER}, #{parmdesc,jdbcType=VARCHAR}, #{isdisble,jdbcType=CHAR}, 
      #{ordernum,jdbcType=INTEGER})
  </insert>
  <insert id="insertSelective" parameterType="entity.GbDict" >
    insert into gb_dict
    <trim prefix="(" suffix=")" suffixOverrides="," >
      <if test="parmname != null" >
        PARMNAME,
      </if>
      <if test="parmtype != null" >
        PARMTYPE,
      </if>
      <if test="parmvalue != null" >
        PARMVALUE,
      </if>
      <if test="parmdatatype != null" >
        PARMDATATYPE,
      </if>
      <if test="parmdesc != null" >
        PARMDESC,
      </if>
      <if test="isdisble != null" >
        ISDISBLE,
      </if>
      <if test="ordernum != null" >
        ORDERNUM,
      </if>
    </trim>
    <trim prefix="values (" suffix=")" suffixOverrides="," >
      <if test="parmname != null" >
        #{parmname,jdbcType=VARCHAR},
      </if>
      <if test="parmtype != null" >
        #{parmtype,jdbcType=VARCHAR},
      </if>
      <if test="parmvalue != null" >
        #{parmvalue,jdbcType=VARCHAR},
      </if>
      <if test="parmdatatype != null" >
        #{parmdatatype,jdbcType=INTEGER},
      </if>
      <if test="parmdesc != null" >
        #{parmdesc,jdbcType=VARCHAR},
      </if>
      <if test="isdisble != null" >
        #{isdisble,jdbcType=CHAR},
      </if>
      <if test="ordernum != null" >
        #{ordernum,jdbcType=INTEGER},
      </if>
    </trim>
  </insert>
  <update id="updateByPrimaryKeySelective" parameterType="entity.GbDict" >
    update gb_dict
    <set >
      <if test="parmvalue != null" >
        PARMVALUE = #{parmvalue,jdbcType=VARCHAR},
      </if>
      <if test="parmdatatype != null" >
        PARMDATATYPE = #{parmdatatype,jdbcType=INTEGER},
      </if>
      <if test="parmdesc != null" >
        PARMDESC = #{parmdesc,jdbcType=VARCHAR},
      </if>
      <if test="isdisble != null" >
        ISDISBLE = #{isdisble,jdbcType=CHAR},
      </if>
      <if test="ordernum != null" >
        ORDERNUM = #{ordernum,jdbcType=INTEGER},
      </if>
    </set>
    where PARMNAME = #{parmname,jdbcType=VARCHAR}
      and PARMTYPE = #{parmtype,jdbcType=VARCHAR}
  </update>
  <update id="updateByPrimaryKey" parameterType="entity.GbDict" >
    update gb_dict
    set PARMVALUE = #{parmvalue,jdbcType=VARCHAR},
      PARMDATATYPE = #{parmdatatype,jdbcType=INTEGER},
      PARMDESC = #{parmdesc,jdbcType=VARCHAR},
      ISDISBLE = #{isdisble,jdbcType=CHAR},
      ORDERNUM = #{ordernum,jdbcType=INTEGER}
    where PARMNAME = #{parmname,jdbcType=VARCHAR}
      and PARMTYPE = #{parmtype,jdbcType=VARCHAR}
  </update>
</mapper>