<?xml version="1.0" encoding="UTF-8" ?>
<!DOCTYPE mapper PUBLIC "-//mybatis.org//DTD Mapper 3.0//EN" "http://mybatis.org/dtd/mybatis-3-mapper.dtd" >
<mapper namespace="dao.PgMessageInfoMapper" >
  <resultMap id="BaseResultMap" type="entity.PgMessageInfo" >
    <constructor >
      <idArg column="MSG_ID" jdbcType="VARCHAR" javaType="java.lang.String" />
      <arg column="USER_ID" jdbcType="VARCHAR" javaType="java.lang.String" />
      <arg column="TEMPLATE_ID" jdbcType="VARCHAR" javaType="java.lang.String" />
      <arg column="USER_TYPE" jdbcType="CHAR" javaType="java.lang.String" />
      <arg column="MSG_TITLE" jdbcType="VARCHAR" javaType="java.lang.String" />
      <arg column="MSG_STATUS" jdbcType="CHAR" javaType="java.lang.String" />
      <arg column="SEND_TIME" jdbcType="TIMESTAMP" javaType="java.util.Date" />
      <arg column="CONTENT1" jdbcType="VARCHAR" javaType="java.lang.String" />
      <arg column="CONTENT2" jdbcType="VARCHAR" javaType="java.lang.String" />
      <arg column="CONTENT3" jdbcType="VARCHAR" javaType="java.lang.String" />
      <arg column="OPERATE_TIME" jdbcType="TIMESTAMP" javaType="java.util.Date" />
      <arg column="OPERATE_USER" jdbcType="VARCHAR" javaType="java.lang.String" />
    </constructor>
  </resultMap>
  <sql id="Base_Column_List" >
    MSG_ID, USER_ID, TEMPLATE_ID, USER_TYPE, MSG_TITLE, MSG_STATUS, SEND_TIME, CONTENT1, 
    CONTENT2, CONTENT3, OPERATE_TIME, OPERATE_USER
  </sql>
  <select id="selectByPrimaryKey" resultMap="BaseResultMap" parameterType="java.lang.String" >
    select 
    <include refid="Base_Column_List" />
    from pg_message_info
    where MSG_ID = #{msgId,jdbcType=VARCHAR}
  </select>
  <delete id="deleteByPrimaryKey" parameterType="java.lang.String" >
    delete from pg_message_info
    where MSG_ID = #{msgId,jdbcType=VARCHAR}
  </delete>
  <insert id="insert" parameterType="entity.PgMessageInfo" >
    insert into pg_message_info (MSG_ID, USER_ID, TEMPLATE_ID, 
      USER_TYPE, MSG_TITLE, MSG_STATUS, 
      SEND_TIME, CONTENT1, CONTENT2, 
      CONTENT3, OPERATE_TIME, OPERATE_USER
      )
    values (#{msgId,jdbcType=VARCHAR}, #{userId,jdbcType=VARCHAR}, #{templateId,jdbcType=VARCHAR}, 
      #{userType,jdbcType=CHAR}, #{msgTitle,jdbcType=VARCHAR}, #{msgStatus,jdbcType=CHAR}, 
      #{sendTime,jdbcType=TIMESTAMP}, #{content1,jdbcType=VARCHAR}, #{content2,jdbcType=VARCHAR}, 
      #{content3,jdbcType=VARCHAR}, #{operateTime,jdbcType=TIMESTAMP}, #{operateUser,jdbcType=VARCHAR}
      )
  </insert>
  <insert id="insertSelective" parameterType="entity.PgMessageInfo" >
    insert into pg_message_info
    <trim prefix="(" suffix=")" suffixOverrides="," >
      <if test="msgId != null" >
        MSG_ID,
      </if>
      <if test="userId != null" >
        USER_ID,
      </if>
      <if test="templateId != null" >
        TEMPLATE_ID,
      </if>
      <if test="userType != null" >
        USER_TYPE,
      </if>
      <if test="msgTitle != null" >
        MSG_TITLE,
      </if>
      <if test="msgStatus != null" >
        MSG_STATUS,
      </if>
      <if test="sendTime != null" >
        SEND_TIME,
      </if>
      <if test="content1 != null" >
        CONTENT1,
      </if>
      <if test="content2 != null" >
        CONTENT2,
      </if>
      <if test="content3 != null" >
        CONTENT3,
      </if>
      <if test="operateTime != null" >
        OPERATE_TIME,
      </if>
      <if test="operateUser != null" >
        OPERATE_USER,
      </if>
    </trim>
    <trim prefix="values (" suffix=")" suffixOverrides="," >
      <if test="msgId != null" >
        #{msgId,jdbcType=VARCHAR},
      </if>
      <if test="userId != null" >
        #{userId,jdbcType=VARCHAR},
      </if>
      <if test="templateId != null" >
        #{templateId,jdbcType=VARCHAR},
      </if>
      <if test="userType != null" >
        #{userType,jdbcType=CHAR},
      </if>
      <if test="msgTitle != null" >
        #{msgTitle,jdbcType=VARCHAR},
      </if>
      <if test="msgStatus != null" >
        #{msgStatus,jdbcType=CHAR},
      </if>
      <if test="sendTime != null" >
        #{sendTime,jdbcType=TIMESTAMP},
      </if>
      <if test="content1 != null" >
        #{content1,jdbcType=VARCHAR},
      </if>
      <if test="content2 != null" >
        #{content2,jdbcType=VARCHAR},
      </if>
      <if test="content3 != null" >
        #{content3,jdbcType=VARCHAR},
      </if>
      <if test="operateTime != null" >
        #{operateTime,jdbcType=TIMESTAMP},
      </if>
      <if test="operateUser != null" >
        #{operateUser,jdbcType=VARCHAR},
      </if>
    </trim>
  </insert>
  <update id="updateByPrimaryKeySelective" parameterType="entity.PgMessageInfo" >
    update pg_message_info
    <set >
      <if test="userId != null" >
        USER_ID = #{userId,jdbcType=VARCHAR},
      </if>
      <if test="templateId != null" >
        TEMPLATE_ID = #{templateId,jdbcType=VARCHAR},
      </if>
      <if test="userType != null" >
        USER_TYPE = #{userType,jdbcType=CHAR},
      </if>
      <if test="msgTitle != null" >
        MSG_TITLE = #{msgTitle,jdbcType=VARCHAR},
      </if>
      <if test="msgStatus != null" >
        MSG_STATUS = #{msgStatus,jdbcType=CHAR},
      </if>
      <if test="sendTime != null" >
        SEND_TIME = #{sendTime,jdbcType=TIMESTAMP},
      </if>
      <if test="content1 != null" >
        CONTENT1 = #{content1,jdbcType=VARCHAR},
      </if>
      <if test="content2 != null" >
        CONTENT2 = #{content2,jdbcType=VARCHAR},
      </if>
      <if test="content3 != null" >
        CONTENT3 = #{content3,jdbcType=VARCHAR},
      </if>
      <if test="operateTime != null" >
        OPERATE_TIME = #{operateTime,jdbcType=TIMESTAMP},
      </if>
      <if test="operateUser != null" >
        OPERATE_USER = #{operateUser,jdbcType=VARCHAR},
      </if>
    </set>
    where MSG_ID = #{msgId,jdbcType=VARCHAR}
  </update>
  <update id="updateByPrimaryKey" parameterType="entity.PgMessageInfo" >
    update pg_message_info
    set USER_ID = #{userId,jdbcType=VARCHAR},
      TEMPLATE_ID = #{templateId,jdbcType=VARCHAR},
      USER_TYPE = #{userType,jdbcType=CHAR},
      MSG_TITLE = #{msgTitle,jdbcType=VARCHAR},
      MSG_STATUS = #{msgStatus,jdbcType=CHAR},
      SEND_TIME = #{sendTime,jdbcType=TIMESTAMP},
      CONTENT1 = #{content1,jdbcType=VARCHAR},
      CONTENT2 = #{content2,jdbcType=VARCHAR},
      CONTENT3 = #{content3,jdbcType=VARCHAR},
      OPERATE_TIME = #{operateTime,jdbcType=TIMESTAMP},
      OPERATE_USER = #{operateUser,jdbcType=VARCHAR}
    where MSG_ID = #{msgId,jdbcType=VARCHAR}
  </update>
</mapper>