<?xml version="1.0" encoding="UTF-8" ?>
<!DOCTYPE mapper PUBLIC "-//mybatis.org//DTD Mapper 3.0//EN" "http://mybatis.org/dtd/mybatis-3-mapper.dtd" >
<mapper namespace="dao.PgSuggestInfoMapper" >
  <resultMap id="BaseResultMap" type="entity.PgSuggestInfo" >
    <constructor >
      <idArg column="SUGGEST_ID" jdbcType="VARCHAR" javaType="java.lang.String" />
      <arg column="USER_ID" jdbcType="VARCHAR" javaType="java.lang.String" />
      <arg column="USER_NAME" jdbcType="VARCHAR" javaType="java.lang.String" />
      <arg column="USER_TYPE" jdbcType="CHAR" javaType="java.lang.String" />
      <arg column="SUGGEST_STATUS" jdbcType="CHAR" javaType="java.lang.String" />
      <arg column="SUGGEST_TITLE" jdbcType="VARCHAR" javaType="java.lang.String" />
      <arg column="SUGGERST_CONTENT1" jdbcType="VARCHAR" javaType="java.lang.String" />
      <arg column="SUGGERST_CONTENT2" jdbcType="VARCHAR" javaType="java.lang.String" />
      <arg column="SUGGERST_CONTENT3" jdbcType="VARCHAR" javaType="java.lang.String" />
      <arg column="FEEDBACK_CONTENT1" jdbcType="VARCHAR" javaType="java.lang.String" />
      <arg column="FEEDBACK_CONTENT2" jdbcType="VARCHAR" javaType="java.lang.String" />
      <arg column="FEEDBACK_CONTENT3" jdbcType="VARCHAR" javaType="java.lang.String" />
      <arg column="FEEDBACK_TIME" jdbcType="TIMESTAMP" javaType="java.util.Date" />
      <arg column="FEEDBACK_USER" jdbcType="VARCHAR" javaType="java.lang.String" />
      <arg column="OPERATE_TIME" jdbcType="TIMESTAMP" javaType="java.util.Date" />
      <arg column="OPERATE_USER" jdbcType="VARCHAR" javaType="java.lang.String" />
    </constructor>
  </resultMap>
  <sql id="Base_Column_List" >
    SUGGEST_ID, USER_ID, USER_NAME, USER_TYPE, SUGGEST_STATUS, SUGGEST_TITLE, SUGGERST_CONTENT1, 
    SUGGERST_CONTENT2, SUGGERST_CONTENT3, FEEDBACK_CONTENT1, FEEDBACK_CONTENT2, FEEDBACK_CONTENT3, 
    FEEDBACK_TIME, FEEDBACK_USER, OPERATE_TIME, OPERATE_USER
  </sql>
  <select id="selectByPrimaryKey" resultMap="BaseResultMap" parameterType="java.lang.String" >
    select 
    <include refid="Base_Column_List" />
    from pg_suggest_info
    where SUGGEST_ID = #{suggestId,jdbcType=VARCHAR}
  </select>
  <delete id="deleteByPrimaryKey" parameterType="java.lang.String" >
    delete from pg_suggest_info
    where SUGGEST_ID = #{suggestId,jdbcType=VARCHAR}
  </delete>
  <insert id="insert" parameterType="entity.PgSuggestInfo" >
    insert into pg_suggest_info (SUGGEST_ID, USER_ID, USER_NAME, 
      USER_TYPE, SUGGEST_STATUS, SUGGEST_TITLE, 
      SUGGERST_CONTENT1, SUGGERST_CONTENT2, SUGGERST_CONTENT3, 
      FEEDBACK_CONTENT1, FEEDBACK_CONTENT2, FEEDBACK_CONTENT3, 
      FEEDBACK_TIME, FEEDBACK_USER, OPERATE_TIME, 
      OPERATE_USER)
    values (#{suggestId,jdbcType=VARCHAR}, #{userId,jdbcType=VARCHAR}, #{userName,jdbcType=VARCHAR}, 
      #{userType,jdbcType=CHAR}, #{suggestStatus,jdbcType=CHAR}, #{suggestTitle,jdbcType=VARCHAR}, 
      #{suggerstContent1,jdbcType=VARCHAR}, #{suggerstContent2,jdbcType=VARCHAR}, #{suggerstContent3,jdbcType=VARCHAR}, 
      #{feedbackContent1,jdbcType=VARCHAR}, #{feedbackContent2,jdbcType=VARCHAR}, #{feedbackContent3,jdbcType=VARCHAR}, 
      #{feedbackTime,jdbcType=TIMESTAMP}, #{feedbackUser,jdbcType=VARCHAR}, #{operateTime,jdbcType=TIMESTAMP}, 
      #{operateUser,jdbcType=VARCHAR})
  </insert>
  <insert id="insertSelective" parameterType="entity.PgSuggestInfo" >
    insert into pg_suggest_info
    <trim prefix="(" suffix=")" suffixOverrides="," >
      <if test="suggestId != null" >
        SUGGEST_ID,
      </if>
      <if test="userId != null" >
        USER_ID,
      </if>
      <if test="userName != null" >
        USER_NAME,
      </if>
      <if test="userType != null" >
        USER_TYPE,
      </if>
      <if test="suggestStatus != null" >
        SUGGEST_STATUS,
      </if>
      <if test="suggestTitle != null" >
        SUGGEST_TITLE,
      </if>
      <if test="suggerstContent1 != null" >
        SUGGERST_CONTENT1,
      </if>
      <if test="suggerstContent2 != null" >
        SUGGERST_CONTENT2,
      </if>
      <if test="suggerstContent3 != null" >
        SUGGERST_CONTENT3,
      </if>
      <if test="feedbackContent1 != null" >
        FEEDBACK_CONTENT1,
      </if>
      <if test="feedbackContent2 != null" >
        FEEDBACK_CONTENT2,
      </if>
      <if test="feedbackContent3 != null" >
        FEEDBACK_CONTENT3,
      </if>
      <if test="feedbackTime != null" >
        FEEDBACK_TIME,
      </if>
      <if test="feedbackUser != null" >
        FEEDBACK_USER,
      </if>
      <if test="operateTime != null" >
        OPERATE_TIME,
      </if>
      <if test="operateUser != null" >
        OPERATE_USER,
      </if>
    </trim>
    <trim prefix="values (" suffix=")" suffixOverrides="," >
      <if test="suggestId != null" >
        #{suggestId,jdbcType=VARCHAR},
      </if>
      <if test="userId != null" >
        #{userId,jdbcType=VARCHAR},
      </if>
      <if test="userName != null" >
        #{userName,jdbcType=VARCHAR},
      </if>
      <if test="userType != null" >
        #{userType,jdbcType=CHAR},
      </if>
      <if test="suggestStatus != null" >
        #{suggestStatus,jdbcType=CHAR},
      </if>
      <if test="suggestTitle != null" >
        #{suggestTitle,jdbcType=VARCHAR},
      </if>
      <if test="suggerstContent1 != null" >
        #{suggerstContent1,jdbcType=VARCHAR},
      </if>
      <if test="suggerstContent2 != null" >
        #{suggerstContent2,jdbcType=VARCHAR},
      </if>
      <if test="suggerstContent3 != null" >
        #{suggerstContent3,jdbcType=VARCHAR},
      </if>
      <if test="feedbackContent1 != null" >
        #{feedbackContent1,jdbcType=VARCHAR},
      </if>
      <if test="feedbackContent2 != null" >
        #{feedbackContent2,jdbcType=VARCHAR},
      </if>
      <if test="feedbackContent3 != null" >
        #{feedbackContent3,jdbcType=VARCHAR},
      </if>
      <if test="feedbackTime != null" >
        #{feedbackTime,jdbcType=TIMESTAMP},
      </if>
      <if test="feedbackUser != null" >
        #{feedbackUser,jdbcType=VARCHAR},
      </if>
      <if test="operateTime != null" >
        #{operateTime,jdbcType=TIMESTAMP},
      </if>
      <if test="operateUser != null" >
        #{operateUser,jdbcType=VARCHAR},
      </if>
    </trim>
  </insert>
  <update id="updateByPrimaryKeySelective" parameterType="entity.PgSuggestInfo" >
    update pg_suggest_info
    <set >
      <if test="userId != null" >
        USER_ID = #{userId,jdbcType=VARCHAR},
      </if>
      <if test="userName != null" >
        USER_NAME = #{userName,jdbcType=VARCHAR},
      </if>
      <if test="userType != null" >
        USER_TYPE = #{userType,jdbcType=CHAR},
      </if>
      <if test="suggestStatus != null" >
        SUGGEST_STATUS = #{suggestStatus,jdbcType=CHAR},
      </if>
      <if test="suggestTitle != null" >
        SUGGEST_TITLE = #{suggestTitle,jdbcType=VARCHAR},
      </if>
      <if test="suggerstContent1 != null" >
        SUGGERST_CONTENT1 = #{suggerstContent1,jdbcType=VARCHAR},
      </if>
      <if test="suggerstContent2 != null" >
        SUGGERST_CONTENT2 = #{suggerstContent2,jdbcType=VARCHAR},
      </if>
      <if test="suggerstContent3 != null" >
        SUGGERST_CONTENT3 = #{suggerstContent3,jdbcType=VARCHAR},
      </if>
      <if test="feedbackContent1 != null" >
        FEEDBACK_CONTENT1 = #{feedbackContent1,jdbcType=VARCHAR},
      </if>
      <if test="feedbackContent2 != null" >
        FEEDBACK_CONTENT2 = #{feedbackContent2,jdbcType=VARCHAR},
      </if>
      <if test="feedbackContent3 != null" >
        FEEDBACK_CONTENT3 = #{feedbackContent3,jdbcType=VARCHAR},
      </if>
      <if test="feedbackTime != null" >
        FEEDBACK_TIME = #{feedbackTime,jdbcType=TIMESTAMP},
      </if>
      <if test="feedbackUser != null" >
        FEEDBACK_USER = #{feedbackUser,jdbcType=VARCHAR},
      </if>
      <if test="operateTime != null" >
        OPERATE_TIME = #{operateTime,jdbcType=TIMESTAMP},
      </if>
      <if test="operateUser != null" >
        OPERATE_USER = #{operateUser,jdbcType=VARCHAR},
      </if>
    </set>
    where SUGGEST_ID = #{suggestId,jdbcType=VARCHAR}
  </update>
  <update id="updateByPrimaryKey" parameterType="entity.PgSuggestInfo" >
    update pg_suggest_info
    set USER_ID = #{userId,jdbcType=VARCHAR},
      USER_NAME = #{userName,jdbcType=VARCHAR},
      USER_TYPE = #{userType,jdbcType=CHAR},
      SUGGEST_STATUS = #{suggestStatus,jdbcType=CHAR},
      SUGGEST_TITLE = #{suggestTitle,jdbcType=VARCHAR},
      SUGGERST_CONTENT1 = #{suggerstContent1,jdbcType=VARCHAR},
      SUGGERST_CONTENT2 = #{suggerstContent2,jdbcType=VARCHAR},
      SUGGERST_CONTENT3 = #{suggerstContent3,jdbcType=VARCHAR},
      FEEDBACK_CONTENT1 = #{feedbackContent1,jdbcType=VARCHAR},
      FEEDBACK_CONTENT2 = #{feedbackContent2,jdbcType=VARCHAR},
      FEEDBACK_CONTENT3 = #{feedbackContent3,jdbcType=VARCHAR},
      FEEDBACK_TIME = #{feedbackTime,jdbcType=TIMESTAMP},
      FEEDBACK_USER = #{feedbackUser,jdbcType=VARCHAR},
      OPERATE_TIME = #{operateTime,jdbcType=TIMESTAMP},
      OPERATE_USER = #{operateUser,jdbcType=VARCHAR}
    where SUGGEST_ID = #{suggestId,jdbcType=VARCHAR}
  </update>
</mapper>