<?xml version="1.0" encoding="UTF-8" ?>
<!DOCTYPE mapper PUBLIC "-//mybatis.org//DTD Mapper 3.0//EN" "http://mybatis.org/dtd/mybatis-3-mapper.dtd" >
<mapper namespace="dao.PgTemplateMMapper" >
  <resultMap id="BaseResultMap" type="entity.PgTemplateM" >
    <constructor >
      <idArg column="TEMPLATE_ID" jdbcType="VARCHAR" javaType="java.lang.String" />
      <arg column="TEMPLATE_NAME" jdbcType="VARCHAR" javaType="java.lang.String" />
      <arg column="TEMPLATE_CONTENT1" jdbcType="VARCHAR" javaType="java.lang.String" />
      <arg column="TEMPLATE_CONTENT2" jdbcType="VARCHAR" javaType="java.lang.String" />
      <arg column="TEMPLATE_CONTENT3" jdbcType="VARCHAR" javaType="java.lang.String" />
      <arg column="OPERATE_TIME" jdbcType="TIMESTAMP" javaType="java.util.Date" />
      <arg column="OPERATE_USER" jdbcType="VARCHAR" javaType="java.lang.String" />
    </constructor>
  </resultMap>
  <sql id="Base_Column_List" >
    TEMPLATE_ID, TEMPLATE_NAME, TEMPLATE_CONTENT1, TEMPLATE_CONTENT2, TEMPLATE_CONTENT3, 
    OPERATE_TIME, OPERATE_USER
  </sql>
  <select id="selectByPrimaryKey" resultMap="BaseResultMap" parameterType="java.lang.String" >
    select 
    <include refid="Base_Column_List" />
    from pg_template_m
    where TEMPLATE_ID = #{templateId,jdbcType=VARCHAR}
  </select>
  <delete id="deleteByPrimaryKey" parameterType="java.lang.String" >
    delete from pg_template_m
    where TEMPLATE_ID = #{templateId,jdbcType=VARCHAR}
  </delete>
  <insert id="insert" parameterType="entity.PgTemplateM" >
    insert into pg_template_m (TEMPLATE_ID, TEMPLATE_NAME, TEMPLATE_CONTENT1, 
      TEMPLATE_CONTENT2, TEMPLATE_CONTENT3, OPERATE_TIME, 
      OPERATE_USER)
    values (#{templateId,jdbcType=VARCHAR}, #{templateName,jdbcType=VARCHAR}, #{templateContent1,jdbcType=VARCHAR}, 
      #{templateContent2,jdbcType=VARCHAR}, #{templateContent3,jdbcType=VARCHAR}, #{operateTime,jdbcType=TIMESTAMP}, 
      #{operateUser,jdbcType=VARCHAR})
  </insert>
  <insert id="insertSelective" parameterType="entity.PgTemplateM" >
    insert into pg_template_m
    <trim prefix="(" suffix=")" suffixOverrides="," >
      <if test="templateId != null" >
        TEMPLATE_ID,
      </if>
      <if test="templateName != null" >
        TEMPLATE_NAME,
      </if>
      <if test="templateContent1 != null" >
        TEMPLATE_CONTENT1,
      </if>
      <if test="templateContent2 != null" >
        TEMPLATE_CONTENT2,
      </if>
      <if test="templateContent3 != null" >
        TEMPLATE_CONTENT3,
      </if>
      <if test="operateTime != null" >
        OPERATE_TIME,
      </if>
      <if test="operateUser != null" >
        OPERATE_USER,
      </if>
    </trim>
    <trim prefix="values (" suffix=")" suffixOverrides="," >
      <if test="templateId != null" >
        #{templateId,jdbcType=VARCHAR},
      </if>
      <if test="templateName != null" >
        #{templateName,jdbcType=VARCHAR},
      </if>
      <if test="templateContent1 != null" >
        #{templateContent1,jdbcType=VARCHAR},
      </if>
      <if test="templateContent2 != null" >
        #{templateContent2,jdbcType=VARCHAR},
      </if>
      <if test="templateContent3 != null" >
        #{templateContent3,jdbcType=VARCHAR},
      </if>
      <if test="operateTime != null" >
        #{operateTime,jdbcType=TIMESTAMP},
      </if>
      <if test="operateUser != null" >
        #{operateUser,jdbcType=VARCHAR},
      </if>
    </trim>
  </insert>
  <update id="updateByPrimaryKeySelective" parameterType="entity.PgTemplateM" >
    update pg_template_m
    <set >
      <if test="templateName != null" >
        TEMPLATE_NAME = #{templateName,jdbcType=VARCHAR},
      </if>
      <if test="templateContent1 != null" >
        TEMPLATE_CONTENT1 = #{templateContent1,jdbcType=VARCHAR},
      </if>
      <if test="templateContent2 != null" >
        TEMPLATE_CONTENT2 = #{templateContent2,jdbcType=VARCHAR},
      </if>
      <if test="templateContent3 != null" >
        TEMPLATE_CONTENT3 = #{templateContent3,jdbcType=VARCHAR},
      </if>
      <if test="operateTime != null" >
        OPERATE_TIME = #{operateTime,jdbcType=TIMESTAMP},
      </if>
      <if test="operateUser != null" >
        OPERATE_USER = #{operateUser,jdbcType=VARCHAR},
      </if>
    </set>
    where TEMPLATE_ID = #{templateId,jdbcType=VARCHAR}
  </update>
  <update id="updateByPrimaryKey" parameterType="entity.PgTemplateM" >
    update pg_template_m
    set TEMPLATE_NAME = #{templateName,jdbcType=VARCHAR},
      TEMPLATE_CONTENT1 = #{templateContent1,jdbcType=VARCHAR},
      TEMPLATE_CONTENT2 = #{templateContent2,jdbcType=VARCHAR},
      TEMPLATE_CONTENT3 = #{templateContent3,jdbcType=VARCHAR},
      OPERATE_TIME = #{operateTime,jdbcType=TIMESTAMP},
      OPERATE_USER = #{operateUser,jdbcType=VARCHAR}
    where TEMPLATE_ID = #{templateId,jdbcType=VARCHAR}
  </update>
</mapper>