<?xml version="1.0" encoding="UTF-8" ?>
<!DOCTYPE mapper PUBLIC "-//mybatis.org//DTD Mapper 3.0//EN" "http://mybatis.org/dtd/mybatis-3-mapper.dtd" >
<mapper namespace="dao.SyChanmgurrlmMapper" >
  <resultMap id="BaseResultMap" type="entity.SyChanmgurrlm" >
    <constructor >
      <idArg column="ROLEID" jdbcType="VARCHAR" javaType="java.lang.String" />
      <idArg column="USERID" jdbcType="VARCHAR" javaType="java.lang.String" />
      <arg column="OPERATE_TMIE" jdbcType="TIMESTAMP" javaType="java.util.Date" />
      <arg column="OPERATE_USER" jdbcType="VARCHAR" javaType="java.lang.String" />
    </constructor>
  </resultMap>
  <sql id="Base_Column_List" >
    ROLEID, USERID, OPERATE_TMIE, OPERATE_USER
  </sql>
  <select id="selectByPrimaryKey" resultMap="BaseResultMap" parameterType="entity.SyChanmgurrlmKey" >
    select 
    <include refid="Base_Column_List" />
    from sy_chanmgurrlm
    where ROLEID = #{roleid,jdbcType=VARCHAR}
      and USERID = #{userid,jdbcType=VARCHAR}
  </select>
  <delete id="deleteByPrimaryKey" parameterType="entity.SyChanmgurrlmKey" >
    delete from sy_chanmgurrlm
    where ROLEID = #{roleid,jdbcType=VARCHAR}
      and USERID = #{userid,jdbcType=VARCHAR}
  </delete>
  <insert id="insert" parameterType="entity.SyChanmgurrlm" >
    insert into sy_chanmgurrlm (ROLEID, USERID, OPERATE_TMIE, 
      OPERATE_USER)
    values (#{roleid,jdbcType=VARCHAR}, #{userid,jdbcType=VARCHAR}, #{operateTmie,jdbcType=TIMESTAMP}, 
      #{operateUser,jdbcType=VARCHAR})
  </insert>
  <insert id="insertSelective" parameterType="entity.SyChanmgurrlm" >
    insert into sy_chanmgurrlm
    <trim prefix="(" suffix=")" suffixOverrides="," >
      <if test="roleid != null" >
        ROLEID,
      </if>
      <if test="userid != null" >
        USERID,
      </if>
      <if test="operateTmie != null" >
        OPERATE_TMIE,
      </if>
      <if test="operateUser != null" >
        OPERATE_USER,
      </if>
    </trim>
    <trim prefix="values (" suffix=")" suffixOverrides="," >
      <if test="roleid != null" >
        #{roleid,jdbcType=VARCHAR},
      </if>
      <if test="userid != null" >
        #{userid,jdbcType=VARCHAR},
      </if>
      <if test="operateTmie != null" >
        #{operateTmie,jdbcType=TIMESTAMP},
      </if>
      <if test="operateUser != null" >
        #{operateUser,jdbcType=VARCHAR},
      </if>
    </trim>
  </insert>
  <update id="updateByPrimaryKeySelective" parameterType="entity.SyChanmgurrlm" >
    update sy_chanmgurrlm
    <set >
      <if test="operateTmie != null" >
        OPERATE_TMIE = #{operateTmie,jdbcType=TIMESTAMP},
      </if>
      <if test="operateUser != null" >
        OPERATE_USER = #{operateUser,jdbcType=VARCHAR},
      </if>
    </set>
    where ROLEID = #{roleid,jdbcType=VARCHAR}
      and USERID = #{userid,jdbcType=VARCHAR}
  </update>
  <update id="updateByPrimaryKey" parameterType="entity.SyChanmgurrlm" >
    update sy_chanmgurrlm
    set OPERATE_TMIE = #{operateTmie,jdbcType=TIMESTAMP},
      OPERATE_USER = #{operateUser,jdbcType=VARCHAR}
    where ROLEID = #{roleid,jdbcType=VARCHAR}
      and USERID = #{userid,jdbcType=VARCHAR}
  </update>
</mapper>