<?xml version="1.0" encoding="UTF-8" ?>
<!DOCTYPE mapper PUBLIC "-//mybatis.org//DTD Mapper 3.0//EN" "http://mybatis.org/dtd/mybatis-3-mapper.dtd" >
<mapper namespace="dao.SyChanmgrlfunhMapper" >
  <resultMap id="BaseResultMap" type="entity.SyChanmgrlfunh" >
    <constructor >
      <idArg column="FUNID" jdbcType="VARCHAR" javaType="java.lang.String" />
      <idArg column="SEQNO" jdbcType="VARCHAR" javaType="java.lang.String" />
      <idArg column="USERID" jdbcType="VARCHAR" javaType="java.lang.String" />
      <arg column="OPERATE_TMIE" jdbcType="TIMESTAMP" javaType="java.util.Date" />
      <arg column="OPERATE_USER" jdbcType="VARCHAR" javaType="java.lang.String" />
    </constructor>
  </resultMap>
  <sql id="Base_Column_List" >
    FUNID, SEQNO, USERID, OPERATE_TMIE, OPERATE_USER
  </sql>
  <select id="selectByPrimaryKey" resultMap="BaseResultMap" parameterType="entity.SyChanmgrlfunhKey" >
    select 
    <include refid="Base_Column_List" />
    from sy_chanmgrlfunh
    where FUNID = #{funid,jdbcType=VARCHAR}
      and SEQNO = #{seqno,jdbcType=VARCHAR}
      and USERID = #{userid,jdbcType=VARCHAR}
  </select>
  <delete id="deleteByPrimaryKey" parameterType="entity.SyChanmgrlfunhKey" >
    delete from sy_chanmgrlfunh
    where FUNID = #{funid,jdbcType=VARCHAR}
      and SEQNO = #{seqno,jdbcType=VARCHAR}
      and USERID = #{userid,jdbcType=VARCHAR}
  </delete>
  <insert id="insert" parameterType="entity.SyChanmgrlfunh" >
    insert into sy_chanmgrlfunh (FUNID, SEQNO, USERID, 
      OPERATE_TMIE, OPERATE_USER)
    values (#{funid,jdbcType=VARCHAR}, #{seqno,jdbcType=VARCHAR}, #{userid,jdbcType=VARCHAR}, 
      #{operateTmie,jdbcType=TIMESTAMP}, #{operateUser,jdbcType=VARCHAR})
  </insert>
  <insert id="insertSelective" parameterType="entity.SyChanmgrlfunh" >
    insert into sy_chanmgrlfunh
    <trim prefix="(" suffix=")" suffixOverrides="," >
      <if test="funid != null" >
        FUNID,
      </if>
      <if test="seqno != null" >
        SEQNO,
      </if>
      <if test="userid != null" >
        USERID,
      </if>
      <if test="operateTmie != null" >
        OPERATE_TMIE,
      </if>
      <if test="operateUser != null" >
        OPERATE_USER,
      </if>
    </trim>
    <trim prefix="values (" suffix=")" suffixOverrides="," >
      <if test="funid != null" >
        #{funid,jdbcType=VARCHAR},
      </if>
      <if test="seqno != null" >
        #{seqno,jdbcType=VARCHAR},
      </if>
      <if test="userid != null" >
        #{userid,jdbcType=VARCHAR},
      </if>
      <if test="operateTmie != null" >
        #{operateTmie,jdbcType=TIMESTAMP},
      </if>
      <if test="operateUser != null" >
        #{operateUser,jdbcType=VARCHAR},
      </if>
    </trim>
  </insert>
  <update id="updateByPrimaryKeySelective" parameterType="entity.SyChanmgrlfunh" >
    update sy_chanmgrlfunh
    <set >
      <if test="operateTmie != null" >
        OPERATE_TMIE = #{operateTmie,jdbcType=TIMESTAMP},
      </if>
      <if test="operateUser != null" >
        OPERATE_USER = #{operateUser,jdbcType=VARCHAR},
      </if>
    </set>
    where FUNID = #{funid,jdbcType=VARCHAR}
      and SEQNO = #{seqno,jdbcType=VARCHAR}
      and USERID = #{userid,jdbcType=VARCHAR}
  </update>
  <update id="updateByPrimaryKey" parameterType="entity.SyChanmgrlfunh" >
    update sy_chanmgrlfunh
    set OPERATE_TMIE = #{operateTmie,jdbcType=TIMESTAMP},
      OPERATE_USER = #{operateUser,jdbcType=VARCHAR}
    where FUNID = #{funid,jdbcType=VARCHAR}
      and SEQNO = #{seqno,jdbcType=VARCHAR}
      and USERID = #{userid,jdbcType=VARCHAR}
  </update>
</mapper>