<?xml version="1.0" encoding="UTF-8" ?>
<!DOCTYPE mapper PUBLIC "-//mybatis.org//DTD Mapper 3.0//EN" "http://mybatis.org/dtd/mybatis-3-mapper.dtd" >
<mapper namespace="dao.SyChanmguserhMapper" >
  <resultMap id="BaseResultMap" type="entity.SyChanmguserh" >
    <constructor >
      <idArg column="SEQNO" jdbcType="VARCHAR" javaType="java.lang.String" />
      <idArg column="USERID" jdbcType="VARCHAR" javaType="java.lang.String" />
      <arg column="USERNAME" jdbcType="VARCHAR" javaType="java.lang.String" />
      <arg column="PASSWORD" jdbcType="VARCHAR" javaType="java.lang.String" />
      <arg column="CHGPWDFLAG" jdbcType="CHAR" javaType="java.lang.String" />
      <arg column="VALIDDAY" jdbcType="INTEGER" javaType="java.lang.Integer" />
      <arg column="WARNINGDAY" jdbcType="INTEGER" javaType="java.lang.Integer" />
      <arg column="EMAIL" jdbcType="VARCHAR" javaType="java.lang.String" />
      <arg column="TEL" jdbcType="VARCHAR" javaType="java.lang.String" />
      <arg column="MOBILEPHONE" jdbcType="VARCHAR" javaType="java.lang.String" />
      <arg column="ADDRESS" jdbcType="VARCHAR" javaType="java.lang.String" />
      <arg column="ENTRANTDATE" jdbcType="TIMESTAMP" javaType="java.util.Date" />
      <arg column="AVAILABLE" jdbcType="CHAR" javaType="java.lang.String" />
      <arg column="OPERATE_USER" jdbcType="VARCHAR" javaType="java.lang.String" />
      <arg column="OPERATE_TMIE" jdbcType="TIMESTAMP" javaType="java.util.Date" />
    </constructor>
  </resultMap>
  <sql id="Base_Column_List" >
    SEQNO, USERID, USERNAME, PASSWORD, CHGPWDFLAG, VALIDDAY, WARNINGDAY, EMAIL, TEL, 
    MOBILEPHONE, ADDRESS, ENTRANTDATE, AVAILABLE, OPERATE_USER, OPERATE_TMIE
  </sql>
  <select id="selectByPrimaryKey" resultMap="BaseResultMap" parameterType="entity.SyChanmguserhKey" >
    select 
    <include refid="Base_Column_List" />
    from sy_chanmguserh
    where SEQNO = #{seqno,jdbcType=VARCHAR}
      and USERID = #{userid,jdbcType=VARCHAR}
  </select>
  <delete id="deleteByPrimaryKey" parameterType="entity.SyChanmguserhKey" >
    delete from sy_chanmguserh
    where SEQNO = #{seqno,jdbcType=VARCHAR}
      and USERID = #{userid,jdbcType=VARCHAR}
  </delete>
  <insert id="insert" parameterType="entity.SyChanmguserh" >
    insert into sy_chanmguserh (SEQNO, USERID, USERNAME, 
      PASSWORD, CHGPWDFLAG, VALIDDAY, 
      WARNINGDAY, EMAIL, TEL, 
      MOBILEPHONE, ADDRESS, ENTRANTDATE, 
      AVAILABLE, OPERATE_USER, OPERATE_TMIE
      )
    values (#{seqno,jdbcType=VARCHAR}, #{userid,jdbcType=VARCHAR}, #{username,jdbcType=VARCHAR}, 
      #{password,jdbcType=VARCHAR}, #{chgpwdflag,jdbcType=CHAR}, #{validday,jdbcType=INTEGER}, 
      #{warningday,jdbcType=INTEGER}, #{email,jdbcType=VARCHAR}, #{tel,jdbcType=VARCHAR}, 
      #{mobilephone,jdbcType=VARCHAR}, #{address,jdbcType=VARCHAR}, #{entrantdate,jdbcType=TIMESTAMP}, 
      #{available,jdbcType=CHAR}, #{operateUser,jdbcType=VARCHAR}, #{operateTmie,jdbcType=TIMESTAMP}
      )
  </insert>
  <insert id="insertSelective" parameterType="entity.SyChanmguserh" >
    insert into sy_chanmguserh
    <trim prefix="(" suffix=")" suffixOverrides="," >
      <if test="seqno != null" >
        SEQNO,
      </if>
      <if test="userid != null" >
        USERID,
      </if>
      <if test="username != null" >
        USERNAME,
      </if>
      <if test="password != null" >
        PASSWORD,
      </if>
      <if test="chgpwdflag != null" >
        CHGPWDFLAG,
      </if>
      <if test="validday != null" >
        VALIDDAY,
      </if>
      <if test="warningday != null" >
        WARNINGDAY,
      </if>
      <if test="email != null" >
        EMAIL,
      </if>
      <if test="tel != null" >
        TEL,
      </if>
      <if test="mobilephone != null" >
        MOBILEPHONE,
      </if>
      <if test="address != null" >
        ADDRESS,
      </if>
      <if test="entrantdate != null" >
        ENTRANTDATE,
      </if>
      <if test="available != null" >
        AVAILABLE,
      </if>
      <if test="operateUser != null" >
        OPERATE_USER,
      </if>
      <if test="operateTmie != null" >
        OPERATE_TMIE,
      </if>
    </trim>
    <trim prefix="values (" suffix=")" suffixOverrides="," >
      <if test="seqno != null" >
        #{seqno,jdbcType=VARCHAR},
      </if>
      <if test="userid != null" >
        #{userid,jdbcType=VARCHAR},
      </if>
      <if test="username != null" >
        #{username,jdbcType=VARCHAR},
      </if>
      <if test="password != null" >
        #{password,jdbcType=VARCHAR},
      </if>
      <if test="chgpwdflag != null" >
        #{chgpwdflag,jdbcType=CHAR},
      </if>
      <if test="validday != null" >
        #{validday,jdbcType=INTEGER},
      </if>
      <if test="warningday != null" >
        #{warningday,jdbcType=INTEGER},
      </if>
      <if test="email != null" >
        #{email,jdbcType=VARCHAR},
      </if>
      <if test="tel != null" >
        #{tel,jdbcType=VARCHAR},
      </if>
      <if test="mobilephone != null" >
        #{mobilephone,jdbcType=VARCHAR},
      </if>
      <if test="address != null" >
        #{address,jdbcType=VARCHAR},
      </if>
      <if test="entrantdate != null" >
        #{entrantdate,jdbcType=TIMESTAMP},
      </if>
      <if test="available != null" >
        #{available,jdbcType=CHAR},
      </if>
      <if test="operateUser != null" >
        #{operateUser,jdbcType=VARCHAR},
      </if>
      <if test="operateTmie != null" >
        #{operateTmie,jdbcType=TIMESTAMP},
      </if>
    </trim>
  </insert>
  <update id="updateByPrimaryKeySelective" parameterType="entity.SyChanmguserh" >
    update sy_chanmguserh
    <set >
      <if test="username != null" >
        USERNAME = #{username,jdbcType=VARCHAR},
      </if>
      <if test="password != null" >
        PASSWORD = #{password,jdbcType=VARCHAR},
      </if>
      <if test="chgpwdflag != null" >
        CHGPWDFLAG = #{chgpwdflag,jdbcType=CHAR},
      </if>
      <if test="validday != null" >
        VALIDDAY = #{validday,jdbcType=INTEGER},
      </if>
      <if test="warningday != null" >
        WARNINGDAY = #{warningday,jdbcType=INTEGER},
      </if>
      <if test="email != null" >
        EMAIL = #{email,jdbcType=VARCHAR},
      </if>
      <if test="tel != null" >
        TEL = #{tel,jdbcType=VARCHAR},
      </if>
      <if test="mobilephone != null" >
        MOBILEPHONE = #{mobilephone,jdbcType=VARCHAR},
      </if>
      <if test="address != null" >
        ADDRESS = #{address,jdbcType=VARCHAR},
      </if>
      <if test="entrantdate != null" >
        ENTRANTDATE = #{entrantdate,jdbcType=TIMESTAMP},
      </if>
      <if test="available != null" >
        AVAILABLE = #{available,jdbcType=CHAR},
      </if>
      <if test="operateUser != null" >
        OPERATE_USER = #{operateUser,jdbcType=VARCHAR},
      </if>
      <if test="operateTmie != null" >
        OPERATE_TMIE = #{operateTmie,jdbcType=TIMESTAMP},
      </if>
    </set>
    where SEQNO = #{seqno,jdbcType=VARCHAR}
      and USERID = #{userid,jdbcType=VARCHAR}
  </update>
  <update id="updateByPrimaryKey" parameterType="entity.SyChanmguserh" >
    update sy_chanmguserh
    set USERNAME = #{username,jdbcType=VARCHAR},
      PASSWORD = #{password,jdbcType=VARCHAR},
      CHGPWDFLAG = #{chgpwdflag,jdbcType=CHAR},
      VALIDDAY = #{validday,jdbcType=INTEGER},
      WARNINGDAY = #{warningday,jdbcType=INTEGER},
      EMAIL = #{email,jdbcType=VARCHAR},
      TEL = #{tel,jdbcType=VARCHAR},
      MOBILEPHONE = #{mobilephone,jdbcType=VARCHAR},
      ADDRESS = #{address,jdbcType=VARCHAR},
      ENTRANTDATE = #{entrantdate,jdbcType=TIMESTAMP},
      AVAILABLE = #{available,jdbcType=CHAR},
      OPERATE_USER = #{operateUser,jdbcType=VARCHAR},
      OPERATE_TMIE = #{operateTmie,jdbcType=TIMESTAMP}
    where SEQNO = #{seqno,jdbcType=VARCHAR}
      and USERID = #{userid,jdbcType=VARCHAR}
  </update>
</mapper>