<?xml version="1.0" encoding="UTF-8" ?>
<!DOCTYPE mapper PUBLIC "-//mybatis.org//DTD Mapper 3.0//EN" "http://mybatis.org/dtd/mybatis-3-mapper.dtd" >
<mapper namespace="dao.SyChanmgfunhMapper" >
  <resultMap id="BaseResultMap" type="entity.SyChanmgfunh" >
    <constructor >
      <idArg column="FUNID" jdbcType="VARCHAR" javaType="java.lang.String" />
      <arg column="SEQNO" jdbcType="VARCHAR" javaType="java.lang.String" />
      <arg column="ORDERVAL" jdbcType="INTEGER" javaType="java.lang.Integer" />
      <arg column="LAYID" jdbcType="INTEGER" javaType="java.lang.Integer" />
      <arg column="FUNDESC" jdbcType="VARCHAR" javaType="java.lang.String" />
      <arg column="FUNPATH" jdbcType="VARCHAR" javaType="java.lang.String" />
      <arg column="PARENTID" jdbcType="VARCHAR" javaType="java.lang.String" />
      <arg column="BOTFLAG" jdbcType="CHAR" javaType="java.lang.String" />
      <arg column="USEFLAG" jdbcType="CHAR" javaType="java.lang.String" />
      <arg column="DISPLAYFUN" jdbcType="CHAR" javaType="java.lang.String" />
      <arg column="OPERATE_USER" jdbcType="VARCHAR" javaType="java.lang.String" />
      <arg column="OPERATE_TMIE" jdbcType="TIMESTAMP" javaType="java.util.Date" />
    </constructor>
  </resultMap>
  <sql id="Base_Column_List" >
    FUNID, SEQNO, ORDERVAL, LAYID, FUNDESC, FUNPATH, PARENTID, BOTFLAG, USEFLAG, DISPLAYFUN, 
    OPERATE_USER, OPERATE_TMIE
  </sql>
  <select id="selectByPrimaryKey" resultMap="BaseResultMap" parameterType="java.lang.String" >
    select 
    <include refid="Base_Column_List" />
    from sy_chanmgfunh
    where FUNID = #{funid,jdbcType=VARCHAR}
  </select>
  <delete id="deleteByPrimaryKey" parameterType="java.lang.String" >
    delete from sy_chanmgfunh
    where FUNID = #{funid,jdbcType=VARCHAR}
  </delete>
  <insert id="insert" parameterType="entity.SyChanmgfunh" >
    insert into sy_chanmgfunh (FUNID, SEQNO, ORDERVAL, 
      LAYID, FUNDESC, FUNPATH, 
      PARENTID, BOTFLAG, USEFLAG, 
      DISPLAYFUN, OPERATE_USER, OPERATE_TMIE
      )
    values (#{funid,jdbcType=VARCHAR}, #{seqno,jdbcType=VARCHAR}, #{orderval,jdbcType=INTEGER}, 
      #{layid,jdbcType=INTEGER}, #{fundesc,jdbcType=VARCHAR}, #{funpath,jdbcType=VARCHAR}, 
      #{parentid,jdbcType=VARCHAR}, #{botflag,jdbcType=CHAR}, #{useflag,jdbcType=CHAR}, 
      #{displayfun,jdbcType=CHAR}, #{operateUser,jdbcType=VARCHAR}, #{operateTmie,jdbcType=TIMESTAMP}
      )
  </insert>
  <insert id="insertSelective" parameterType="entity.SyChanmgfunh" >
    insert into sy_chanmgfunh
    <trim prefix="(" suffix=")" suffixOverrides="," >
      <if test="funid != null" >
        FUNID,
      </if>
      <if test="seqno != null" >
        SEQNO,
      </if>
      <if test="orderval != null" >
        ORDERVAL,
      </if>
      <if test="layid != null" >
        LAYID,
      </if>
      <if test="fundesc != null" >
        FUNDESC,
      </if>
      <if test="funpath != null" >
        FUNPATH,
      </if>
      <if test="parentid != null" >
        PARENTID,
      </if>
      <if test="botflag != null" >
        BOTFLAG,
      </if>
      <if test="useflag != null" >
        USEFLAG,
      </if>
      <if test="displayfun != null" >
        DISPLAYFUN,
      </if>
      <if test="operateUser != null" >
        OPERATE_USER,
      </if>
      <if test="operateTmie != null" >
        OPERATE_TMIE,
      </if>
    </trim>
    <trim prefix="values (" suffix=")" suffixOverrides="," >
      <if test="funid != null" >
        #{funid,jdbcType=VARCHAR},
      </if>
      <if test="seqno != null" >
        #{seqno,jdbcType=VARCHAR},
      </if>
      <if test="orderval != null" >
        #{orderval,jdbcType=INTEGER},
      </if>
      <if test="layid != null" >
        #{layid,jdbcType=INTEGER},
      </if>
      <if test="fundesc != null" >
        #{fundesc,jdbcType=VARCHAR},
      </if>
      <if test="funpath != null" >
        #{funpath,jdbcType=VARCHAR},
      </if>
      <if test="parentid != null" >
        #{parentid,jdbcType=VARCHAR},
      </if>
      <if test="botflag != null" >
        #{botflag,jdbcType=CHAR},
      </if>
      <if test="useflag != null" >
        #{useflag,jdbcType=CHAR},
      </if>
      <if test="displayfun != null" >
        #{displayfun,jdbcType=CHAR},
      </if>
      <if test="operateUser != null" >
        #{operateUser,jdbcType=VARCHAR},
      </if>
      <if test="operateTmie != null" >
        #{operateTmie,jdbcType=TIMESTAMP},
      </if>
    </trim>
  </insert>
  <update id="updateByPrimaryKeySelective" parameterType="entity.SyChanmgfunh" >
    update sy_chanmgfunh
    <set >
      <if test="seqno != null" >
        SEQNO = #{seqno,jdbcType=VARCHAR},
      </if>
      <if test="orderval != null" >
        ORDERVAL = #{orderval,jdbcType=INTEGER},
      </if>
      <if test="layid != null" >
        LAYID = #{layid,jdbcType=INTEGER},
      </if>
      <if test="fundesc != null" >
        FUNDESC = #{fundesc,jdbcType=VARCHAR},
      </if>
      <if test="funpath != null" >
        FUNPATH = #{funpath,jdbcType=VARCHAR},
      </if>
      <if test="parentid != null" >
        PARENTID = #{parentid,jdbcType=VARCHAR},
      </if>
      <if test="botflag != null" >
        BOTFLAG = #{botflag,jdbcType=CHAR},
      </if>
      <if test="useflag != null" >
        USEFLAG = #{useflag,jdbcType=CHAR},
      </if>
      <if test="displayfun != null" >
        DISPLAYFUN = #{displayfun,jdbcType=CHAR},
      </if>
      <if test="operateUser != null" >
        OPERATE_USER = #{operateUser,jdbcType=VARCHAR},
      </if>
      <if test="operateTmie != null" >
        OPERATE_TMIE = #{operateTmie,jdbcType=TIMESTAMP},
      </if>
    </set>
    where FUNID = #{funid,jdbcType=VARCHAR}
  </update>
  <update id="updateByPrimaryKey" parameterType="entity.SyChanmgfunh" >
    update sy_chanmgfunh
    set SEQNO = #{seqno,jdbcType=VARCHAR},
      ORDERVAL = #{orderval,jdbcType=INTEGER},
      LAYID = #{layid,jdbcType=INTEGER},
      FUNDESC = #{fundesc,jdbcType=VARCHAR},
      FUNPATH = #{funpath,jdbcType=VARCHAR},
      PARENTID = #{parentid,jdbcType=VARCHAR},
      BOTFLAG = #{botflag,jdbcType=CHAR},
      USEFLAG = #{useflag,jdbcType=CHAR},
      DISPLAYFUN = #{displayfun,jdbcType=CHAR},
      OPERATE_USER = #{operateUser,jdbcType=VARCHAR},
      OPERATE_TMIE = #{operateTmie,jdbcType=TIMESTAMP}
    where FUNID = #{funid,jdbcType=VARCHAR}
  </update>
</mapper>