<?xml version="1.0" encoding="UTF-8" ?>
<!DOCTYPE mapper PUBLIC "-//mybatis.org//DTD Mapper 3.0//EN" "http://mybatis.org/dtd/mybatis-3-mapper.dtd" >
<mapper namespace="dao.SyChanmgrolemMapper" >
  <resultMap id="BaseResultMap" type="entity.SyChanmgrolem" >
    <constructor >
      <idArg column="ROLEID" jdbcType="VARCHAR" javaType="java.lang.String" />
      <arg column="ROLEDESC" jdbcType="VARCHAR" javaType="java.lang.String" />
      <arg column="MARKFLAG" jdbcType="CHAR" javaType="java.lang.String" />
      <arg column="OPERATE_USER" jdbcType="VARCHAR" javaType="java.lang.String" />
      <arg column="OPERATE_TMIE" jdbcType="TIMESTAMP" javaType="java.util.Date" />
    </constructor>
  </resultMap>
  <sql id="Base_Column_List" >
    ROLEID, ROLEDESC, MARKFLAG, OPERATE_USER, OPERATE_TMIE
  </sql>
  <select id="selectByPrimaryKey" resultMap="BaseResultMap" parameterType="java.lang.String" >
    select 
    <include refid="Base_Column_List" />
    from sy_chanmgrolem
    where ROLEID = #{roleid,jdbcType=VARCHAR}
  </select>
  <delete id="deleteByPrimaryKey" parameterType="java.lang.String" >
    delete from sy_chanmgrolem
    where ROLEID = #{roleid,jdbcType=VARCHAR}
  </delete>
  <insert id="insert" parameterType="entity.SyChanmgrolem" >
    insert into sy_chanmgrolem (ROLEID, ROLEDESC, MARKFLAG, 
      OPERATE_USER, OPERATE_TMIE)
    values (#{roleid,jdbcType=VARCHAR}, #{roledesc,jdbcType=VARCHAR}, #{markflag,jdbcType=CHAR}, 
      #{operateUser,jdbcType=VARCHAR}, #{operateTmie,jdbcType=TIMESTAMP})
  </insert>
  <insert id="insertSelective" parameterType="entity.SyChanmgrolem" >
    insert into sy_chanmgrolem
    <trim prefix="(" suffix=")" suffixOverrides="," >
      <if test="roleid != null" >
        ROLEID,
      </if>
      <if test="roledesc != null" >
        ROLEDESC,
      </if>
      <if test="markflag != null" >
        MARKFLAG,
      </if>
      <if test="operateUser != null" >
        OPERATE_USER,
      </if>
      <if test="operateTmie != null" >
        OPERATE_TMIE,
      </if>
    </trim>
    <trim prefix="values (" suffix=")" suffixOverrides="," >
      <if test="roleid != null" >
        #{roleid,jdbcType=VARCHAR},
      </if>
      <if test="roledesc != null" >
        #{roledesc,jdbcType=VARCHAR},
      </if>
      <if test="markflag != null" >
        #{markflag,jdbcType=CHAR},
      </if>
      <if test="operateUser != null" >
        #{operateUser,jdbcType=VARCHAR},
      </if>
      <if test="operateTmie != null" >
        #{operateTmie,jdbcType=TIMESTAMP},
      </if>
    </trim>
  </insert>
  <update id="updateByPrimaryKeySelective" parameterType="entity.SyChanmgrolem" >
    update sy_chanmgrolem
    <set >
      <if test="roledesc != null" >
        ROLEDESC = #{roledesc,jdbcType=VARCHAR},
      </if>
      <if test="markflag != null" >
        MARKFLAG = #{markflag,jdbcType=CHAR},
      </if>
      <if test="operateUser != null" >
        OPERATE_USER = #{operateUser,jdbcType=VARCHAR},
      </if>
      <if test="operateTmie != null" >
        OPERATE_TMIE = #{operateTmie,jdbcType=TIMESTAMP},
      </if>
    </set>
    where ROLEID = #{roleid,jdbcType=VARCHAR}
  </update>
  <update id="updateByPrimaryKey" parameterType="entity.SyChanmgrolem" >
    update sy_chanmgrolem
    set ROLEDESC = #{roledesc,jdbcType=VARCHAR},
      MARKFLAG = #{markflag,jdbcType=CHAR},
      OPERATE_USER = #{operateUser,jdbcType=VARCHAR},
      OPERATE_TMIE = #{operateTmie,jdbcType=TIMESTAMP}
    where ROLEID = #{roleid,jdbcType=VARCHAR}
  </update>
</mapper>