<?xml version="1.0" encoding="UTF-8" ?>
<!DOCTYPE mapper PUBLIC "-//mybatis.org//DTD Mapper 3.0//EN" "http://mybatis.org/dtd/mybatis-3-mapper.dtd" >
<mapper namespace="dao.SyCompanyInfohMapper" >
  <resultMap id="BaseResultMap" type="entity.SyCompanyInfoh" >
    <constructor >
      <idArg column="COMPANY_ID" jdbcType="VARCHAR" javaType="java.lang.String" />
      <idArg column="SEQNO" jdbcType="VARCHAR" javaType="java.lang.String" />
      <arg column="COMPANY_NAME" jdbcType="VARCHAR" javaType="java.lang.String" />
      <arg column="STATUS" jdbcType="VARCHAR" javaType="java.lang.String" />
      <arg column="REG_TIME" jdbcType="TIMESTAMP" javaType="java.util.Date" />
      <arg column="VAILD_TIME" jdbcType="TIMESTAMP" javaType="java.util.Date" />
      <arg column="POINT" jdbcType="INTEGER" javaType="java.lang.Integer" />
      <arg column="LINKMAN" jdbcType="VARCHAR" javaType="java.lang.String" />
      <arg column="LINKMOBILE" jdbcType="VARCHAR" javaType="java.lang.String" />
      <arg column="REG_ADDR" jdbcType="VARCHAR" javaType="java.lang.String" />
      <arg column="REG_CAPITAL" jdbcType="DECIMAL" javaType="java.math.BigDecimal" />
      <arg column="LEGAL_PERSON" jdbcType="VARCHAR" javaType="java.lang.String" />
      <arg column="EMAIL" jdbcType="VARCHAR" javaType="java.lang.String" />
      <arg column="OPERATE_USER" jdbcType="VARCHAR" javaType="java.lang.String" />
      <arg column="OPERATE_TMIE" jdbcType="TIMESTAMP" javaType="java.util.Date" />
    </constructor>
  </resultMap>
  <sql id="Base_Column_List" >
    COMPANY_ID, SEQNO, COMPANY_NAME, STATUS, REG_TIME, VAILD_TIME, POINT, LINKMAN, LINKMOBILE, 
    REG_ADDR, REG_CAPITAL, LEGAL_PERSON, EMAIL, OPERATE_USER, OPERATE_TMIE
  </sql>
  <select id="selectByPrimaryKey" resultMap="BaseResultMap" parameterType="entity.SyCompanyInfohKey" >
    select 
    <include refid="Base_Column_List" />
    from sy_company_infoh
    where COMPANY_ID = #{companyId,jdbcType=VARCHAR}
      and SEQNO = #{seqno,jdbcType=VARCHAR}
  </select>
  <delete id="deleteByPrimaryKey" parameterType="entity.SyCompanyInfohKey" >
    delete from sy_company_infoh
    where COMPANY_ID = #{companyId,jdbcType=VARCHAR}
      and SEQNO = #{seqno,jdbcType=VARCHAR}
  </delete>
  <insert id="insert" parameterType="entity.SyCompanyInfoh" >
    insert into sy_company_infoh (COMPANY_ID, SEQNO, COMPANY_NAME, 
      STATUS, REG_TIME, VAILD_TIME, 
      POINT, LINKMAN, LINKMOBILE, 
      REG_ADDR, REG_CAPITAL, LEGAL_PERSON, 
      EMAIL, OPERATE_USER, OPERATE_TMIE
      )
    values (#{companyId,jdbcType=VARCHAR}, #{seqno,jdbcType=VARCHAR}, #{companyName,jdbcType=VARCHAR}, 
      #{status,jdbcType=VARCHAR}, #{regTime,jdbcType=TIMESTAMP}, #{vaildTime,jdbcType=TIMESTAMP}, 
      #{point,jdbcType=INTEGER}, #{linkman,jdbcType=VARCHAR}, #{linkmobile,jdbcType=VARCHAR}, 
      #{regAddr,jdbcType=VARCHAR}, #{regCapital,jdbcType=DECIMAL}, #{legalPerson,jdbcType=VARCHAR}, 
      #{email,jdbcType=VARCHAR}, #{operateUser,jdbcType=VARCHAR}, #{operateTmie,jdbcType=TIMESTAMP}
      )
  </insert>
  <insert id="insertSelective" parameterType="entity.SyCompanyInfoh" >
    insert into sy_company_infoh
    <trim prefix="(" suffix=")" suffixOverrides="," >
      <if test="companyId != null" >
        COMPANY_ID,
      </if>
      <if test="seqno != null" >
        SEQNO,
      </if>
      <if test="companyName != null" >
        COMPANY_NAME,
      </if>
      <if test="status != null" >
        STATUS,
      </if>
      <if test="regTime != null" >
        REG_TIME,
      </if>
      <if test="vaildTime != null" >
        VAILD_TIME,
      </if>
      <if test="point != null" >
        POINT,
      </if>
      <if test="linkman != null" >
        LINKMAN,
      </if>
      <if test="linkmobile != null" >
        LINKMOBILE,
      </if>
      <if test="regAddr != null" >
        REG_ADDR,
      </if>
      <if test="regCapital != null" >
        REG_CAPITAL,
      </if>
      <if test="legalPerson != null" >
        LEGAL_PERSON,
      </if>
      <if test="email != null" >
        EMAIL,
      </if>
      <if test="operateUser != null" >
        OPERATE_USER,
      </if>
      <if test="operateTmie != null" >
        OPERATE_TMIE,
      </if>
    </trim>
    <trim prefix="values (" suffix=")" suffixOverrides="," >
      <if test="companyId != null" >
        #{companyId,jdbcType=VARCHAR},
      </if>
      <if test="seqno != null" >
        #{seqno,jdbcType=VARCHAR},
      </if>
      <if test="companyName != null" >
        #{companyName,jdbcType=VARCHAR},
      </if>
      <if test="status != null" >
        #{status,jdbcType=VARCHAR},
      </if>
      <if test="regTime != null" >
        #{regTime,jdbcType=TIMESTAMP},
      </if>
      <if test="vaildTime != null" >
        #{vaildTime,jdbcType=TIMESTAMP},
      </if>
      <if test="point != null" >
        #{point,jdbcType=INTEGER},
      </if>
      <if test="linkman != null" >
        #{linkman,jdbcType=VARCHAR},
      </if>
      <if test="linkmobile != null" >
        #{linkmobile,jdbcType=VARCHAR},
      </if>
      <if test="regAddr != null" >
        #{regAddr,jdbcType=VARCHAR},
      </if>
      <if test="regCapital != null" >
        #{regCapital,jdbcType=DECIMAL},
      </if>
      <if test="legalPerson != null" >
        #{legalPerson,jdbcType=VARCHAR},
      </if>
      <if test="email != null" >
        #{email,jdbcType=VARCHAR},
      </if>
      <if test="operateUser != null" >
        #{operateUser,jdbcType=VARCHAR},
      </if>
      <if test="operateTmie != null" >
        #{operateTmie,jdbcType=TIMESTAMP},
      </if>
    </trim>
  </insert>
  <update id="updateByPrimaryKeySelective" parameterType="entity.SyCompanyInfoh" >
    update sy_company_infoh
    <set >
      <if test="companyName != null" >
        COMPANY_NAME = #{companyName,jdbcType=VARCHAR},
      </if>
      <if test="status != null" >
        STATUS = #{status,jdbcType=VARCHAR},
      </if>
      <if test="regTime != null" >
        REG_TIME = #{regTime,jdbcType=TIMESTAMP},
      </if>
      <if test="vaildTime != null" >
        VAILD_TIME = #{vaildTime,jdbcType=TIMESTAMP},
      </if>
      <if test="point != null" >
        POINT = #{point,jdbcType=INTEGER},
      </if>
      <if test="linkman != null" >
        LINKMAN = #{linkman,jdbcType=VARCHAR},
      </if>
      <if test="linkmobile != null" >
        LINKMOBILE = #{linkmobile,jdbcType=VARCHAR},
      </if>
      <if test="regAddr != null" >
        REG_ADDR = #{regAddr,jdbcType=VARCHAR},
      </if>
      <if test="regCapital != null" >
        REG_CAPITAL = #{regCapital,jdbcType=DECIMAL},
      </if>
      <if test="legalPerson != null" >
        LEGAL_PERSON = #{legalPerson,jdbcType=VARCHAR},
      </if>
      <if test="email != null" >
        EMAIL = #{email,jdbcType=VARCHAR},
      </if>
      <if test="operateUser != null" >
        OPERATE_USER = #{operateUser,jdbcType=VARCHAR},
      </if>
      <if test="operateTmie != null" >
        OPERATE_TMIE = #{operateTmie,jdbcType=TIMESTAMP},
      </if>
    </set>
    where COMPANY_ID = #{companyId,jdbcType=VARCHAR}
      and SEQNO = #{seqno,jdbcType=VARCHAR}
  </update>
  <update id="updateByPrimaryKey" parameterType="entity.SyCompanyInfoh" >
    update sy_company_infoh
    set COMPANY_NAME = #{companyName,jdbcType=VARCHAR},
      STATUS = #{status,jdbcType=VARCHAR},
      REG_TIME = #{regTime,jdbcType=TIMESTAMP},
      VAILD_TIME = #{vaildTime,jdbcType=TIMESTAMP},
      POINT = #{point,jdbcType=INTEGER},
      LINKMAN = #{linkman,jdbcType=VARCHAR},
      LINKMOBILE = #{linkmobile,jdbcType=VARCHAR},
      REG_ADDR = #{regAddr,jdbcType=VARCHAR},
      REG_CAPITAL = #{regCapital,jdbcType=DECIMAL},
      LEGAL_PERSON = #{legalPerson,jdbcType=VARCHAR},
      EMAIL = #{email,jdbcType=VARCHAR},
      OPERATE_USER = #{operateUser,jdbcType=VARCHAR},
      OPERATE_TMIE = #{operateTmie,jdbcType=TIMESTAMP}
    where COMPANY_ID = #{companyId,jdbcType=VARCHAR}
      and SEQNO = #{seqno,jdbcType=VARCHAR}
  </update>
</mapper>