<?xml version="1.0" encoding="UTF-8" ?>
<!DOCTYPE mapper PUBLIC "-//mybatis.org//DTD Mapper 3.0//EN" "http://mybatis.org/dtd/mybatis-3-mapper.dtd" >
<mapper namespace="dao.SyFunduserhMapper" >
  <resultMap id="BaseResultMap" type="entity.SyFunduserh" >
    <constructor >
      <idArg column="COMPANY_USER_ID" jdbcType="VARCHAR" javaType="java.lang.String" />
      <idArg column="SEQNO" jdbcType="VARCHAR" javaType="java.lang.String" />
      <arg column="COMPANY_ID" jdbcType="VARCHAR" javaType="java.lang.String" />
      <arg column="ACCOUNTNO" jdbcType="VARCHAR" javaType="java.lang.String" />
      <arg column="PASSWORD" jdbcType="VARCHAR" javaType="java.lang.String" />
      <arg column="AVAILABLE" jdbcType="CHAR" javaType="java.lang.String" />
      <arg column="PWDEXPIREFLAG" jdbcType="CHAR" javaType="java.lang.String" />
      <arg column="REGISTDATE" jdbcType="TIMESTAMP" javaType="java.util.Date" />
      <arg column="CONTACTNAME" jdbcType="VARCHAR" javaType="java.lang.String" />
      <arg column="TEL" jdbcType="VARCHAR" javaType="java.lang.String" />
      <arg column="VALIDDATE" jdbcType="TIMESTAMP" javaType="java.util.Date" />
      <arg column="OPERATE_USER" jdbcType="VARCHAR" javaType="java.lang.String" />
      <arg column="OPERATE_TMIE" jdbcType="TIMESTAMP" javaType="java.util.Date" />
    </constructor>
  </resultMap>
  <sql id="Base_Column_List" >
    COMPANY_USER_ID, SEQNO, COMPANY_ID, ACCOUNTNO, PASSWORD, AVAILABLE, PWDEXPIREFLAG, 
    REGISTDATE, CONTACTNAME, TEL, VALIDDATE, OPERATE_USER, OPERATE_TMIE
  </sql>
  <select id="selectByPrimaryKey" resultMap="BaseResultMap" parameterType="entity.SyFunduserhKey" >
    select 
    <include refid="Base_Column_List" />
    from sy_funduserh
    where COMPANY_USER_ID = #{companyUserId,jdbcType=VARCHAR}
      and SEQNO = #{seqno,jdbcType=VARCHAR}
  </select>
  <delete id="deleteByPrimaryKey" parameterType="entity.SyFunduserhKey" >
    delete from sy_funduserh
    where COMPANY_USER_ID = #{companyUserId,jdbcType=VARCHAR}
      and SEQNO = #{seqno,jdbcType=VARCHAR}
  </delete>
  <insert id="insert" parameterType="entity.SyFunduserh" >
    insert into sy_funduserh (COMPANY_USER_ID, SEQNO, COMPANY_ID, 
      ACCOUNTNO, PASSWORD, AVAILABLE, 
      PWDEXPIREFLAG, REGISTDATE, CONTACTNAME, 
      TEL, VALIDDATE, OPERATE_USER, 
      OPERATE_TMIE)
    values (#{companyUserId,jdbcType=VARCHAR}, #{seqno,jdbcType=VARCHAR}, #{companyId,jdbcType=VARCHAR}, 
      #{accountno,jdbcType=VARCHAR}, #{password,jdbcType=VARCHAR}, #{available,jdbcType=CHAR}, 
      #{pwdexpireflag,jdbcType=CHAR}, #{registdate,jdbcType=TIMESTAMP}, #{contactname,jdbcType=VARCHAR}, 
      #{tel,jdbcType=VARCHAR}, #{validdate,jdbcType=TIMESTAMP}, #{operateUser,jdbcType=VARCHAR}, 
      #{operateTmie,jdbcType=TIMESTAMP})
  </insert>
  <insert id="insertSelective" parameterType="entity.SyFunduserh" >
    insert into sy_funduserh
    <trim prefix="(" suffix=")" suffixOverrides="," >
      <if test="companyUserId != null" >
        COMPANY_USER_ID,
      </if>
      <if test="seqno != null" >
        SEQNO,
      </if>
      <if test="companyId != null" >
        COMPANY_ID,
      </if>
      <if test="accountno != null" >
        ACCOUNTNO,
      </if>
      <if test="password != null" >
        PASSWORD,
      </if>
      <if test="available != null" >
        AVAILABLE,
      </if>
      <if test="pwdexpireflag != null" >
        PWDEXPIREFLAG,
      </if>
      <if test="registdate != null" >
        REGISTDATE,
      </if>
      <if test="contactname != null" >
        CONTACTNAME,
      </if>
      <if test="tel != null" >
        TEL,
      </if>
      <if test="validdate != null" >
        VALIDDATE,
      </if>
      <if test="operateUser != null" >
        OPERATE_USER,
      </if>
      <if test="operateTmie != null" >
        OPERATE_TMIE,
      </if>
    </trim>
    <trim prefix="values (" suffix=")" suffixOverrides="," >
      <if test="companyUserId != null" >
        #{companyUserId,jdbcType=VARCHAR},
      </if>
      <if test="seqno != null" >
        #{seqno,jdbcType=VARCHAR},
      </if>
      <if test="companyId != null" >
        #{companyId,jdbcType=VARCHAR},
      </if>
      <if test="accountno != null" >
        #{accountno,jdbcType=VARCHAR},
      </if>
      <if test="password != null" >
        #{password,jdbcType=VARCHAR},
      </if>
      <if test="available != null" >
        #{available,jdbcType=CHAR},
      </if>
      <if test="pwdexpireflag != null" >
        #{pwdexpireflag,jdbcType=CHAR},
      </if>
      <if test="registdate != null" >
        #{registdate,jdbcType=TIMESTAMP},
      </if>
      <if test="contactname != null" >
        #{contactname,jdbcType=VARCHAR},
      </if>
      <if test="tel != null" >
        #{tel,jdbcType=VARCHAR},
      </if>
      <if test="validdate != null" >
        #{validdate,jdbcType=TIMESTAMP},
      </if>
      <if test="operateUser != null" >
        #{operateUser,jdbcType=VARCHAR},
      </if>
      <if test="operateTmie != null" >
        #{operateTmie,jdbcType=TIMESTAMP},
      </if>
    </trim>
  </insert>
  <update id="updateByPrimaryKeySelective" parameterType="entity.SyFunduserh" >
    update sy_funduserh
    <set >
      <if test="companyId != null" >
        COMPANY_ID = #{companyId,jdbcType=VARCHAR},
      </if>
      <if test="accountno != null" >
        ACCOUNTNO = #{accountno,jdbcType=VARCHAR},
      </if>
      <if test="password != null" >
        PASSWORD = #{password,jdbcType=VARCHAR},
      </if>
      <if test="available != null" >
        AVAILABLE = #{available,jdbcType=CHAR},
      </if>
      <if test="pwdexpireflag != null" >
        PWDEXPIREFLAG = #{pwdexpireflag,jdbcType=CHAR},
      </if>
      <if test="registdate != null" >
        REGISTDATE = #{registdate,jdbcType=TIMESTAMP},
      </if>
      <if test="contactname != null" >
        CONTACTNAME = #{contactname,jdbcType=VARCHAR},
      </if>
      <if test="tel != null" >
        TEL = #{tel,jdbcType=VARCHAR},
      </if>
      <if test="validdate != null" >
        VALIDDATE = #{validdate,jdbcType=TIMESTAMP},
      </if>
      <if test="operateUser != null" >
        OPERATE_USER = #{operateUser,jdbcType=VARCHAR},
      </if>
      <if test="operateTmie != null" >
        OPERATE_TMIE = #{operateTmie,jdbcType=TIMESTAMP},
      </if>
    </set>
    where COMPANY_USER_ID = #{companyUserId,jdbcType=VARCHAR}
      and SEQNO = #{seqno,jdbcType=VARCHAR}
  </update>
  <update id="updateByPrimaryKey" parameterType="entity.SyFunduserh" >
    update sy_funduserh
    set COMPANY_ID = #{companyId,jdbcType=VARCHAR},
      ACCOUNTNO = #{accountno,jdbcType=VARCHAR},
      PASSWORD = #{password,jdbcType=VARCHAR},
      AVAILABLE = #{available,jdbcType=CHAR},
      PWDEXPIREFLAG = #{pwdexpireflag,jdbcType=CHAR},
      REGISTDATE = #{registdate,jdbcType=TIMESTAMP},
      CONTACTNAME = #{contactname,jdbcType=VARCHAR},
      TEL = #{tel,jdbcType=VARCHAR},
      VALIDDATE = #{validdate,jdbcType=TIMESTAMP},
      OPERATE_USER = #{operateUser,jdbcType=VARCHAR},
      OPERATE_TMIE = #{operateTmie,jdbcType=TIMESTAMP}
    where COMPANY_USER_ID = #{companyUserId,jdbcType=VARCHAR}
      and SEQNO = #{seqno,jdbcType=VARCHAR}
  </update>
</mapper>