<?xml version="1.0" encoding="UTF-8" ?>
<!DOCTYPE mapper PUBLIC "-//mybatis.org//DTD Mapper 3.0//EN" "http://mybatis.org/dtd/mybatis-3-mapper.dtd" >
<mapper namespace="dao.SyInterchurextmMapper" >
  <resultMap id="BaseResultMap" type="entity.SyInterchurextm" >
    <constructor >
      <idArg column="CHANNEL_USER_ID" jdbcType="VARCHAR" javaType="java.lang.String" />
      <arg column="DEALPASSWORD" jdbcType="VARCHAR" javaType="java.lang.String" />
      <arg column="HANDPASSWORD" jdbcType="VARCHAR" javaType="java.lang.String" />
      <arg column="DEVICEID" jdbcType="VARCHAR" javaType="java.lang.String" />
      <arg column="ACCPOINT" jdbcType="INTEGER" javaType="java.lang.Integer" />
      <arg column="GENDER" jdbcType="CHAR" javaType="java.lang.String" />
      <arg column="QQ" jdbcType="VARCHAR" javaType="java.lang.String" />
      <arg column="EMAIL" jdbcType="VARCHAR" javaType="java.lang.String" />
      <arg column="HEADATTAID" jdbcType="VARCHAR" javaType="java.lang.String" />
      <arg column="WXID" jdbcType="VARCHAR" javaType="java.lang.String" />
      <arg column="CARDATTAID" jdbcType="VARCHAR" javaType="java.lang.String" />
      <arg column="LASTLOGINDATE" jdbcType="TIMESTAMP" javaType="java.util.Date" />
      <arg column="OPERATE_USER" jdbcType="VARCHAR" javaType="java.lang.String" />
      <arg column="OPERATE_TMIE" jdbcType="TIMESTAMP" javaType="java.util.Date" />
    </constructor>
  </resultMap>
  <sql id="Base_Column_List" >
    CHANNEL_USER_ID, DEALPASSWORD, HANDPASSWORD, DEVICEID, ACCPOINT, GENDER, QQ, EMAIL, 
    HEADATTAID, WXID, CARDATTAID, LASTLOGINDATE, OPERATE_USER, OPERATE_TMIE
  </sql>
  <select id="selectByPrimaryKey" resultMap="BaseResultMap" parameterType="java.lang.String" >
    select 
    <include refid="Base_Column_List" />
    from sy_interchurextm
    where CHANNEL_USER_ID = #{channelUserId,jdbcType=VARCHAR}
  </select>
  <delete id="deleteByPrimaryKey" parameterType="java.lang.String" >
    delete from sy_interchurextm
    where CHANNEL_USER_ID = #{channelUserId,jdbcType=VARCHAR}
  </delete>
  <insert id="insert" parameterType="entity.SyInterchurextm" >
    insert into sy_interchurextm (CHANNEL_USER_ID, DEALPASSWORD, HANDPASSWORD, 
      DEVICEID, ACCPOINT, GENDER, 
      QQ, EMAIL, HEADATTAID, 
      WXID, CARDATTAID, LASTLOGINDATE, 
      OPERATE_USER, OPERATE_TMIE)
    values (#{channelUserId,jdbcType=VARCHAR}, #{dealpassword,jdbcType=VARCHAR}, #{handpassword,jdbcType=VARCHAR}, 
      #{deviceid,jdbcType=VARCHAR}, #{accpoint,jdbcType=INTEGER}, #{gender,jdbcType=CHAR}, 
      #{qq,jdbcType=VARCHAR}, #{email,jdbcType=VARCHAR}, #{headattaid,jdbcType=VARCHAR}, 
      #{wxid,jdbcType=VARCHAR}, #{cardattaid,jdbcType=VARCHAR}, #{lastlogindate,jdbcType=TIMESTAMP}, 
      #{operateUser,jdbcType=VARCHAR}, #{operateTmie,jdbcType=TIMESTAMP})
  </insert>
  <insert id="insertSelective" parameterType="entity.SyInterchurextm" >
    insert into sy_interchurextm
    <trim prefix="(" suffix=")" suffixOverrides="," >
      <if test="channelUserId != null" >
        CHANNEL_USER_ID,
      </if>
      <if test="dealpassword != null" >
        DEALPASSWORD,
      </if>
      <if test="handpassword != null" >
        HANDPASSWORD,
      </if>
      <if test="deviceid != null" >
        DEVICEID,
      </if>
      <if test="accpoint != null" >
        ACCPOINT,
      </if>
      <if test="gender != null" >
        GENDER,
      </if>
      <if test="qq != null" >
        QQ,
      </if>
      <if test="email != null" >
        EMAIL,
      </if>
      <if test="headattaid != null" >
        HEADATTAID,
      </if>
      <if test="wxid != null" >
        WXID,
      </if>
      <if test="cardattaid != null" >
        CARDATTAID,
      </if>
      <if test="lastlogindate != null" >
        LASTLOGINDATE,
      </if>
      <if test="operateUser != null" >
        OPERATE_USER,
      </if>
      <if test="operateTmie != null" >
        OPERATE_TMIE,
      </if>
    </trim>
    <trim prefix="values (" suffix=")" suffixOverrides="," >
      <if test="channelUserId != null" >
        #{channelUserId,jdbcType=VARCHAR},
      </if>
      <if test="dealpassword != null" >
        #{dealpassword,jdbcType=VARCHAR},
      </if>
      <if test="handpassword != null" >
        #{handpassword,jdbcType=VARCHAR},
      </if>
      <if test="deviceid != null" >
        #{deviceid,jdbcType=VARCHAR},
      </if>
      <if test="accpoint != null" >
        #{accpoint,jdbcType=INTEGER},
      </if>
      <if test="gender != null" >
        #{gender,jdbcType=CHAR},
      </if>
      <if test="qq != null" >
        #{qq,jdbcType=VARCHAR},
      </if>
      <if test="email != null" >
        #{email,jdbcType=VARCHAR},
      </if>
      <if test="headattaid != null" >
        #{headattaid,jdbcType=VARCHAR},
      </if>
      <if test="wxid != null" >
        #{wxid,jdbcType=VARCHAR},
      </if>
      <if test="cardattaid != null" >
        #{cardattaid,jdbcType=VARCHAR},
      </if>
      <if test="lastlogindate != null" >
        #{lastlogindate,jdbcType=TIMESTAMP},
      </if>
      <if test="operateUser != null" >
        #{operateUser,jdbcType=VARCHAR},
      </if>
      <if test="operateTmie != null" >
        #{operateTmie,jdbcType=TIMESTAMP},
      </if>
    </trim>
  </insert>
  <update id="updateByPrimaryKeySelective" parameterType="entity.SyInterchurextm" >
    update sy_interchurextm
    <set >
      <if test="dealpassword != null" >
        DEALPASSWORD = #{dealpassword,jdbcType=VARCHAR},
      </if>
      <if test="handpassword != null" >
        HANDPASSWORD = #{handpassword,jdbcType=VARCHAR},
      </if>
      <if test="deviceid != null" >
        DEVICEID = #{deviceid,jdbcType=VARCHAR},
      </if>
      <if test="accpoint != null" >
        ACCPOINT = #{accpoint,jdbcType=INTEGER},
      </if>
      <if test="gender != null" >
        GENDER = #{gender,jdbcType=CHAR},
      </if>
      <if test="qq != null" >
        QQ = #{qq,jdbcType=VARCHAR},
      </if>
      <if test="email != null" >
        EMAIL = #{email,jdbcType=VARCHAR},
      </if>
      <if test="headattaid != null" >
        HEADATTAID = #{headattaid,jdbcType=VARCHAR},
      </if>
      <if test="wxid != null" >
        WXID = #{wxid,jdbcType=VARCHAR},
      </if>
      <if test="cardattaid != null" >
        CARDATTAID = #{cardattaid,jdbcType=VARCHAR},
      </if>
      <if test="lastlogindate != null" >
        LASTLOGINDATE = #{lastlogindate,jdbcType=TIMESTAMP},
      </if>
      <if test="operateUser != null" >
        OPERATE_USER = #{operateUser,jdbcType=VARCHAR},
      </if>
      <if test="operateTmie != null" >
        OPERATE_TMIE = #{operateTmie,jdbcType=TIMESTAMP},
      </if>
    </set>
    where CHANNEL_USER_ID = #{channelUserId,jdbcType=VARCHAR}
  </update>
  <update id="updateByPrimaryKey" parameterType="entity.SyInterchurextm" >
    update sy_interchurextm
    set DEALPASSWORD = #{dealpassword,jdbcType=VARCHAR},
      HANDPASSWORD = #{handpassword,jdbcType=VARCHAR},
      DEVICEID = #{deviceid,jdbcType=VARCHAR},
      ACCPOINT = #{accpoint,jdbcType=INTEGER},
      GENDER = #{gender,jdbcType=CHAR},
      QQ = #{qq,jdbcType=VARCHAR},
      EMAIL = #{email,jdbcType=VARCHAR},
      HEADATTAID = #{headattaid,jdbcType=VARCHAR},
      WXID = #{wxid,jdbcType=VARCHAR},
      CARDATTAID = #{cardattaid,jdbcType=VARCHAR},
      LASTLOGINDATE = #{lastlogindate,jdbcType=TIMESTAMP},
      OPERATE_USER = #{operateUser,jdbcType=VARCHAR},
      OPERATE_TMIE = #{operateTmie,jdbcType=TIMESTAMP}
    where CHANNEL_USER_ID = #{channelUserId,jdbcType=VARCHAR}
  </update>
</mapper>