<?xml version="1.0" encoding="UTF-8" ?>
<!DOCTYPE mapper PUBLIC "-//mybatis.org//DTD Mapper 3.0//EN" "http://mybatis.org/dtd/mybatis-3-mapper.dtd" >
<mapper namespace="dao.SyIntertokenmMapper" >
  <resultMap id="BaseResultMap" type="entity.SyIntertokenm" >
    <constructor >
      <idArg column="USERID" jdbcType="VARCHAR" javaType="java.lang.String" />
      <arg column="TOKEN" jdbcType="VARCHAR" javaType="java.lang.String" />
      <arg column="GTIME" jdbcType="TIMESTAMP" javaType="java.util.Date" />
      <arg column="INVALIDTIME" jdbcType="TIMESTAMP" javaType="java.util.Date" />
    </constructor>
  </resultMap>
  <sql id="Base_Column_List" >
    USERID, TOKEN, GTIME, INVALIDTIME
  </sql>
  <select id="selectByPrimaryKey" resultMap="BaseResultMap" parameterType="java.lang.String" >
    select 
    <include refid="Base_Column_List" />
    from sy_intertokenm
    where USERID = #{userid,jdbcType=VARCHAR}
  </select>
  <delete id="deleteByPrimaryKey" parameterType="java.lang.String" >
    delete from sy_intertokenm
    where USERID = #{userid,jdbcType=VARCHAR}
  </delete>
  <insert id="insert" parameterType="entity.SyIntertokenm" >
    insert into sy_intertokenm (USERID, TOKEN, GTIME, 
      INVALIDTIME)
    values (#{userid,jdbcType=VARCHAR}, #{token,jdbcType=VARCHAR}, #{gtime,jdbcType=TIMESTAMP}, 
      #{invalidtime,jdbcType=TIMESTAMP})
  </insert>
  <insert id="insertSelective" parameterType="entity.SyIntertokenm" >
    insert into sy_intertokenm
    <trim prefix="(" suffix=")" suffixOverrides="," >
      <if test="userid != null" >
        USERID,
      </if>
      <if test="token != null" >
        TOKEN,
      </if>
      <if test="gtime != null" >
        GTIME,
      </if>
      <if test="invalidtime != null" >
        INVALIDTIME,
      </if>
    </trim>
    <trim prefix="values (" suffix=")" suffixOverrides="," >
      <if test="userid != null" >
        #{userid,jdbcType=VARCHAR},
      </if>
      <if test="token != null" >
        #{token,jdbcType=VARCHAR},
      </if>
      <if test="gtime != null" >
        #{gtime,jdbcType=TIMESTAMP},
      </if>
      <if test="invalidtime != null" >
        #{invalidtime,jdbcType=TIMESTAMP},
      </if>
    </trim>
  </insert>
  <update id="updateByPrimaryKeySelective" parameterType="entity.SyIntertokenm" >
    update sy_intertokenm
    <set >
      <if test="token != null" >
        TOKEN = #{token,jdbcType=VARCHAR},
      </if>
      <if test="gtime != null" >
        GTIME = #{gtime,jdbcType=TIMESTAMP},
      </if>
      <if test="invalidtime != null" >
        INVALIDTIME = #{invalidtime,jdbcType=TIMESTAMP},
      </if>
    </set>
    where USERID = #{userid,jdbcType=VARCHAR}
  </update>
  <update id="updateByPrimaryKey" parameterType="entity.SyIntertokenm" >
    update sy_intertokenm
    set TOKEN = #{token,jdbcType=VARCHAR},
      GTIME = #{gtime,jdbcType=TIMESTAMP},
      INVALIDTIME = #{invalidtime,jdbcType=TIMESTAMP}
    where USERID = #{userid,jdbcType=VARCHAR}
  </update>
</mapper>