<?xml version="1.0" encoding="UTF-8" ?>
<!DOCTYPE mapper PUBLIC "-//mybatis.org//DTD Mapper 3.0//EN" "http://mybatis.org/dtd/mybatis-3-mapper.dtd" >
<mapper namespace="dao.SyInterchurhMapper" >
  <resultMap id="BaseResultMap" type="entity.SyInterchurh" >
    <constructor >
      <idArg column="CHANNEL_USER_ID" jdbcType="VARCHAR" javaType="java.lang.String" />
      <idArg column="SEQNO" jdbcType="VARCHAR" javaType="java.lang.String" />
      <arg column="CHANNEL_USER_NICKNAME" jdbcType="VARCHAR" javaType="java.lang.String" />
      <arg column="CHANNEL_USER_NAME" jdbcType="VARCHAR" javaType="java.lang.String" />
      <arg column="MOBILEPHONE" jdbcType="VARCHAR" javaType="java.lang.String" />
      <arg column="PASSWORD" jdbcType="VARCHAR" javaType="java.lang.String" />
      <arg column="CARDNO" jdbcType="VARCHAR" javaType="java.lang.String" />
      <arg column="AVAILABLE" jdbcType="CHAR" javaType="java.lang.String" />
      <arg column="FROZEN_STATUS" jdbcType="VARCHAR" javaType="java.lang.String" />
      <arg column="IDENTIFYFLAG" jdbcType="CHAR" javaType="java.lang.String" />
      <arg column="PWDEXPIREFLAG" jdbcType="CHAR" javaType="java.lang.String" />
      <arg column="REGISTDATE" jdbcType="TIMESTAMP" javaType="java.util.Date" />
      <arg column="REGISTADDR" jdbcType="VARCHAR" javaType="java.lang.String" />
      <arg column="OPSOURCE" jdbcType="CHAR" javaType="java.lang.String" />
      <arg column="OPERATE_USER" jdbcType="VARCHAR" javaType="java.lang.String" />
      <arg column="OPERATE_TMIE" jdbcType="TIMESTAMP" javaType="java.util.Date" />
    </constructor>
  </resultMap>
  <sql id="Base_Column_List" >
    CHANNEL_USER_ID, SEQNO, CHANNEL_USER_NICKNAME, CHANNEL_USER_NAME, MOBILEPHONE, PASSWORD, 
    CARDNO, AVAILABLE, FROZEN_STATUS, IDENTIFYFLAG, PWDEXPIREFLAG, REGISTDATE, REGISTADDR, 
    OPSOURCE, OPERATE_USER, OPERATE_TMIE
  </sql>
  <select id="selectByPrimaryKey" resultMap="BaseResultMap" parameterType="entity.SyInterchurhKey" >
    select 
    <include refid="Base_Column_List" />
    from sy_interchurh
    where CHANNEL_USER_ID = #{channelUserId,jdbcType=VARCHAR}
      and SEQNO = #{seqno,jdbcType=VARCHAR}
  </select>
  <delete id="deleteByPrimaryKey" parameterType="entity.SyInterchurhKey" >
    delete from sy_interchurh
    where CHANNEL_USER_ID = #{channelUserId,jdbcType=VARCHAR}
      and SEQNO = #{seqno,jdbcType=VARCHAR}
  </delete>
  <insert id="insert" parameterType="entity.SyInterchurh" >
    insert into sy_interchurh (CHANNEL_USER_ID, SEQNO, CHANNEL_USER_NICKNAME, 
      CHANNEL_USER_NAME, MOBILEPHONE, PASSWORD, 
      CARDNO, AVAILABLE, FROZEN_STATUS, 
      IDENTIFYFLAG, PWDEXPIREFLAG, REGISTDATE, 
      REGISTADDR, OPSOURCE, OPERATE_USER, 
      OPERATE_TMIE)
    values (#{channelUserId,jdbcType=VARCHAR}, #{seqno,jdbcType=VARCHAR}, #{channelUserNickname,jdbcType=VARCHAR}, 
      #{channelUserName,jdbcType=VARCHAR}, #{mobilephone,jdbcType=VARCHAR}, #{password,jdbcType=VARCHAR}, 
      #{cardno,jdbcType=VARCHAR}, #{available,jdbcType=CHAR}, #{frozenStatus,jdbcType=VARCHAR}, 
      #{identifyflag,jdbcType=CHAR}, #{pwdexpireflag,jdbcType=CHAR}, #{registdate,jdbcType=TIMESTAMP}, 
      #{registaddr,jdbcType=VARCHAR}, #{opsource,jdbcType=CHAR}, #{operateUser,jdbcType=VARCHAR}, 
      #{operateTmie,jdbcType=TIMESTAMP})
  </insert>
  <insert id="insertSelective" parameterType="entity.SyInterchurh" >
    insert into sy_interchurh
    <trim prefix="(" suffix=")" suffixOverrides="," >
      <if test="channelUserId != null" >
        CHANNEL_USER_ID,
      </if>
      <if test="seqno != null" >
        SEQNO,
      </if>
      <if test="channelUserNickname != null" >
        CHANNEL_USER_NICKNAME,
      </if>
      <if test="channelUserName != null" >
        CHANNEL_USER_NAME,
      </if>
      <if test="mobilephone != null" >
        MOBILEPHONE,
      </if>
      <if test="password != null" >
        PASSWORD,
      </if>
      <if test="cardno != null" >
        CARDNO,
      </if>
      <if test="available != null" >
        AVAILABLE,
      </if>
      <if test="frozenStatus != null" >
        FROZEN_STATUS,
      </if>
      <if test="identifyflag != null" >
        IDENTIFYFLAG,
      </if>
      <if test="pwdexpireflag != null" >
        PWDEXPIREFLAG,
      </if>
      <if test="registdate != null" >
        REGISTDATE,
      </if>
      <if test="registaddr != null" >
        REGISTADDR,
      </if>
      <if test="opsource != null" >
        OPSOURCE,
      </if>
      <if test="operateUser != null" >
        OPERATE_USER,
      </if>
      <if test="operateTmie != null" >
        OPERATE_TMIE,
      </if>
    </trim>
    <trim prefix="values (" suffix=")" suffixOverrides="," >
      <if test="channelUserId != null" >
        #{channelUserId,jdbcType=VARCHAR},
      </if>
      <if test="seqno != null" >
        #{seqno,jdbcType=VARCHAR},
      </if>
      <if test="channelUserNickname != null" >
        #{channelUserNickname,jdbcType=VARCHAR},
      </if>
      <if test="channelUserName != null" >
        #{channelUserName,jdbcType=VARCHAR},
      </if>
      <if test="mobilephone != null" >
        #{mobilephone,jdbcType=VARCHAR},
      </if>
      <if test="password != null" >
        #{password,jdbcType=VARCHAR},
      </if>
      <if test="cardno != null" >
        #{cardno,jdbcType=VARCHAR},
      </if>
      <if test="available != null" >
        #{available,jdbcType=CHAR},
      </if>
      <if test="frozenStatus != null" >
        #{frozenStatus,jdbcType=VARCHAR},
      </if>
      <if test="identifyflag != null" >
        #{identifyflag,jdbcType=CHAR},
      </if>
      <if test="pwdexpireflag != null" >
        #{pwdexpireflag,jdbcType=CHAR},
      </if>
      <if test="registdate != null" >
        #{registdate,jdbcType=TIMESTAMP},
      </if>
      <if test="registaddr != null" >
        #{registaddr,jdbcType=VARCHAR},
      </if>
      <if test="opsource != null" >
        #{opsource,jdbcType=CHAR},
      </if>
      <if test="operateUser != null" >
        #{operateUser,jdbcType=VARCHAR},
      </if>
      <if test="operateTmie != null" >
        #{operateTmie,jdbcType=TIMESTAMP},
      </if>
    </trim>
  </insert>
  <update id="updateByPrimaryKeySelective" parameterType="entity.SyInterchurh" >
    update sy_interchurh
    <set >
      <if test="channelUserNickname != null" >
        CHANNEL_USER_NICKNAME = #{channelUserNickname,jdbcType=VARCHAR},
      </if>
      <if test="channelUserName != null" >
        CHANNEL_USER_NAME = #{channelUserName,jdbcType=VARCHAR},
      </if>
      <if test="mobilephone != null" >
        MOBILEPHONE = #{mobilephone,jdbcType=VARCHAR},
      </if>
      <if test="password != null" >
        PASSWORD = #{password,jdbcType=VARCHAR},
      </if>
      <if test="cardno != null" >
        CARDNO = #{cardno,jdbcType=VARCHAR},
      </if>
      <if test="available != null" >
        AVAILABLE = #{available,jdbcType=CHAR},
      </if>
      <if test="frozenStatus != null" >
        FROZEN_STATUS = #{frozenStatus,jdbcType=VARCHAR},
      </if>
      <if test="identifyflag != null" >
        IDENTIFYFLAG = #{identifyflag,jdbcType=CHAR},
      </if>
      <if test="pwdexpireflag != null" >
        PWDEXPIREFLAG = #{pwdexpireflag,jdbcType=CHAR},
      </if>
      <if test="registdate != null" >
        REGISTDATE = #{registdate,jdbcType=TIMESTAMP},
      </if>
      <if test="registaddr != null" >
        REGISTADDR = #{registaddr,jdbcType=VARCHAR},
      </if>
      <if test="opsource != null" >
        OPSOURCE = #{opsource,jdbcType=CHAR},
      </if>
      <if test="operateUser != null" >
        OPERATE_USER = #{operateUser,jdbcType=VARCHAR},
      </if>
      <if test="operateTmie != null" >
        OPERATE_TMIE = #{operateTmie,jdbcType=TIMESTAMP},
      </if>
    </set>
    where CHANNEL_USER_ID = #{channelUserId,jdbcType=VARCHAR}
      and SEQNO = #{seqno,jdbcType=VARCHAR}
  </update>
  <update id="updateByPrimaryKey" parameterType="entity.SyInterchurh" >
    update sy_interchurh
    set CHANNEL_USER_NICKNAME = #{channelUserNickname,jdbcType=VARCHAR},
      CHANNEL_USER_NAME = #{channelUserName,jdbcType=VARCHAR},
      MOBILEPHONE = #{mobilephone,jdbcType=VARCHAR},
      PASSWORD = #{password,jdbcType=VARCHAR},
      CARDNO = #{cardno,jdbcType=VARCHAR},
      AVAILABLE = #{available,jdbcType=CHAR},
      FROZEN_STATUS = #{frozenStatus,jdbcType=VARCHAR},
      IDENTIFYFLAG = #{identifyflag,jdbcType=CHAR},
      PWDEXPIREFLAG = #{pwdexpireflag,jdbcType=CHAR},
      REGISTDATE = #{registdate,jdbcType=TIMESTAMP},
      REGISTADDR = #{registaddr,jdbcType=VARCHAR},
      OPSOURCE = #{opsource,jdbcType=CHAR},
      OPERATE_USER = #{operateUser,jdbcType=VARCHAR},
      OPERATE_TMIE = #{operateTmie,jdbcType=TIMESTAMP}
    where CHANNEL_USER_ID = #{channelUserId,jdbcType=VARCHAR}
      and SEQNO = #{seqno,jdbcType=VARCHAR}
  </update>
</mapper>