<?xml version="1.0" encoding="UTF-8" ?>
<!DOCTYPE mapper PUBLIC "-//mybatis.org//DTD Mapper 3.0//EN" "http://mybatis.org/dtd/mybatis-3-mapper.dtd" >
<mapper namespace="dao.YjAuditApplyMMapper" >
  <resultMap id="BaseResultMap" type="entity.YjAuditApplyM" >
    <constructor >
      <idArg column="AUDIT_APPLY_ID" jdbcType="VARCHAR" javaType="java.lang.String" />
      <arg column="CHANNEL_USERID" jdbcType="VARCHAR" javaType="java.lang.String" />
      <arg column="CASH_APPLY_ID" jdbcType="VARCHAR" javaType="java.lang.String" />
      <arg column="CHANNEL_USER_NAME" jdbcType="VARCHAR" javaType="java.lang.String" />
      <arg column="CHANNEL_USER_IDCARD" jdbcType="VARCHAR" javaType="java.lang.String" />
      <arg column="BANK_NO" jdbcType="VARCHAR" javaType="java.lang.String" />
      <arg column="CHANNEL_USER_MOBILE" jdbcType="VARCHAR" javaType="java.lang.String" />
      <arg column="OPEN_BANK" jdbcType="VARCHAR" javaType="java.lang.String" />
      <arg column="BANK_CODE" jdbcType="VARCHAR" javaType="java.lang.String" />
      <arg column="APPLY_TIME" jdbcType="TIMESTAMP" javaType="java.util.Date" />
      <arg column="CASH_AMT" jdbcType="DECIMAL" javaType="java.math.BigDecimal" />
      <arg column="AFTER_CASH_AMT" jdbcType="DECIMAL" javaType="java.math.BigDecimal" />
      <arg column="BEFORE_CASH_AMT" jdbcType="DECIMAL" javaType="java.math.BigDecimal" />
      <arg column="STATUS" jdbcType="CHAR" javaType="java.lang.String" />
      <arg column="VOUCHER_NO" jdbcType="VARCHAR" javaType="java.lang.String" />
      <arg column="TRANSACTION_TYPE" jdbcType="CHAR" javaType="java.lang.String" />
      <arg column="TRANSACTION_TIME" jdbcType="TIMESTAMP" javaType="java.util.Date" />
      <arg column="ATTACHMENTS" jdbcType="VARCHAR" javaType="java.lang.String" />
      <arg column="REMARK" jdbcType="VARCHAR" javaType="java.lang.String" />
      <arg column="OPERATE_TIME" jdbcType="TIMESTAMP" javaType="java.util.Date" />
      <arg column="OPERATE_USER" jdbcType="VARCHAR" javaType="java.lang.String" />
    </constructor>
  </resultMap>
  <sql id="Base_Column_List" >
    AUDIT_APPLY_ID, CHANNEL_USERID, CASH_APPLY_ID, CHANNEL_USER_NAME, CHANNEL_USER_IDCARD, 
    BANK_NO, CHANNEL_USER_MOBILE, OPEN_BANK, BANK_CODE, APPLY_TIME, CASH_AMT, AFTER_CASH_AMT, 
    BEFORE_CASH_AMT, STATUS, VOUCHER_NO, TRANSACTION_TYPE, TRANSACTION_TIME, ATTACHMENTS, 
    REMARK, OPERATE_TIME, OPERATE_USER
  </sql>
  <select id="selectByPrimaryKey" resultMap="BaseResultMap" parameterType="java.lang.String" >
    select 
    <include refid="Base_Column_List" />
    from yj_audit_apply_m
    where AUDIT_APPLY_ID = #{auditApplyId,jdbcType=VARCHAR}
  </select>
  <delete id="deleteByPrimaryKey" parameterType="java.lang.String" >
    delete from yj_audit_apply_m
    where AUDIT_APPLY_ID = #{auditApplyId,jdbcType=VARCHAR}
  </delete>
  <insert id="insert" parameterType="entity.YjAuditApplyM" >
    insert into yj_audit_apply_m (AUDIT_APPLY_ID, CHANNEL_USERID, CASH_APPLY_ID, 
      CHANNEL_USER_NAME, CHANNEL_USER_IDCARD, BANK_NO, 
      CHANNEL_USER_MOBILE, OPEN_BANK, BANK_CODE, 
      APPLY_TIME, CASH_AMT, AFTER_CASH_AMT, 
      BEFORE_CASH_AMT, STATUS, VOUCHER_NO, 
      TRANSACTION_TYPE, TRANSACTION_TIME, ATTACHMENTS, 
      REMARK, OPERATE_TIME, OPERATE_USER
      )
    values (#{auditApplyId,jdbcType=VARCHAR}, #{channelUserid,jdbcType=VARCHAR}, #{cashApplyId,jdbcType=VARCHAR}, 
      #{channelUserName,jdbcType=VARCHAR}, #{channelUserIdcard,jdbcType=VARCHAR}, #{bankNo,jdbcType=VARCHAR}, 
      #{channelUserMobile,jdbcType=VARCHAR}, #{openBank,jdbcType=VARCHAR}, #{bankCode,jdbcType=VARCHAR}, 
      #{applyTime,jdbcType=TIMESTAMP}, #{cashAmt,jdbcType=DECIMAL}, #{afterCashAmt,jdbcType=DECIMAL}, 
      #{beforeCashAmt,jdbcType=DECIMAL}, #{status,jdbcType=CHAR}, #{voucherNo,jdbcType=VARCHAR}, 
      #{transactionType,jdbcType=CHAR}, #{transactionTime,jdbcType=TIMESTAMP}, #{attachments,jdbcType=VARCHAR}, 
      #{remark,jdbcType=VARCHAR}, #{operateTime,jdbcType=TIMESTAMP}, #{operateUser,jdbcType=VARCHAR}
      )
  </insert>
  <insert id="insertSelective" parameterType="entity.YjAuditApplyM" >
    insert into yj_audit_apply_m
    <trim prefix="(" suffix=")" suffixOverrides="," >
      <if test="auditApplyId != null" >
        AUDIT_APPLY_ID,
      </if>
      <if test="channelUserid != null" >
        CHANNEL_USERID,
      </if>
      <if test="cashApplyId != null" >
        CASH_APPLY_ID,
      </if>
      <if test="channelUserName != null" >
        CHANNEL_USER_NAME,
      </if>
      <if test="channelUserIdcard != null" >
        CHANNEL_USER_IDCARD,
      </if>
      <if test="bankNo != null" >
        BANK_NO,
      </if>
      <if test="channelUserMobile != null" >
        CHANNEL_USER_MOBILE,
      </if>
      <if test="openBank != null" >
        OPEN_BANK,
      </if>
      <if test="bankCode != null" >
        BANK_CODE,
      </if>
      <if test="applyTime != null" >
        APPLY_TIME,
      </if>
      <if test="cashAmt != null" >
        CASH_AMT,
      </if>
      <if test="afterCashAmt != null" >
        AFTER_CASH_AMT,
      </if>
      <if test="beforeCashAmt != null" >
        BEFORE_CASH_AMT,
      </if>
      <if test="status != null" >
        STATUS,
      </if>
      <if test="voucherNo != null" >
        VOUCHER_NO,
      </if>
      <if test="transactionType != null" >
        TRANSACTION_TYPE,
      </if>
      <if test="transactionTime != null" >
        TRANSACTION_TIME,
      </if>
      <if test="attachments != null" >
        ATTACHMENTS,
      </if>
      <if test="remark != null" >
        REMARK,
      </if>
      <if test="operateTime != null" >
        OPERATE_TIME,
      </if>
      <if test="operateUser != null" >
        OPERATE_USER,
      </if>
    </trim>
    <trim prefix="values (" suffix=")" suffixOverrides="," >
      <if test="auditApplyId != null" >
        #{auditApplyId,jdbcType=VARCHAR},
      </if>
      <if test="channelUserid != null" >
        #{channelUserid,jdbcType=VARCHAR},
      </if>
      <if test="cashApplyId != null" >
        #{cashApplyId,jdbcType=VARCHAR},
      </if>
      <if test="channelUserName != null" >
        #{channelUserName,jdbcType=VARCHAR},
      </if>
      <if test="channelUserIdcard != null" >
        #{channelUserIdcard,jdbcType=VARCHAR},
      </if>
      <if test="bankNo != null" >
        #{bankNo,jdbcType=VARCHAR},
      </if>
      <if test="channelUserMobile != null" >
        #{channelUserMobile,jdbcType=VARCHAR},
      </if>
      <if test="openBank != null" >
        #{openBank,jdbcType=VARCHAR},
      </if>
      <if test="bankCode != null" >
        #{bankCode,jdbcType=VARCHAR},
      </if>
      <if test="applyTime != null" >
        #{applyTime,jdbcType=TIMESTAMP},
      </if>
      <if test="cashAmt != null" >
        #{cashAmt,jdbcType=DECIMAL},
      </if>
      <if test="afterCashAmt != null" >
        #{afterCashAmt,jdbcType=DECIMAL},
      </if>
      <if test="beforeCashAmt != null" >
        #{beforeCashAmt,jdbcType=DECIMAL},
      </if>
      <if test="status != null" >
        #{status,jdbcType=CHAR},
      </if>
      <if test="voucherNo != null" >
        #{voucherNo,jdbcType=VARCHAR},
      </if>
      <if test="transactionType != null" >
        #{transactionType,jdbcType=CHAR},
      </if>
      <if test="transactionTime != null" >
        #{transactionTime,jdbcType=TIMESTAMP},
      </if>
      <if test="attachments != null" >
        #{attachments,jdbcType=VARCHAR},
      </if>
      <if test="remark != null" >
        #{remark,jdbcType=VARCHAR},
      </if>
      <if test="operateTime != null" >
        #{operateTime,jdbcType=TIMESTAMP},
      </if>
      <if test="operateUser != null" >
        #{operateUser,jdbcType=VARCHAR},
      </if>
    </trim>
  </insert>
  <update id="updateByPrimaryKeySelective" parameterType="entity.YjAuditApplyM" >
    update yj_audit_apply_m
    <set >
      <if test="channelUserid != null" >
        CHANNEL_USERID = #{channelUserid,jdbcType=VARCHAR},
      </if>
      <if test="cashApplyId != null" >
        CASH_APPLY_ID = #{cashApplyId,jdbcType=VARCHAR},
      </if>
      <if test="channelUserName != null" >
        CHANNEL_USER_NAME = #{channelUserName,jdbcType=VARCHAR},
      </if>
      <if test="channelUserIdcard != null" >
        CHANNEL_USER_IDCARD = #{channelUserIdcard,jdbcType=VARCHAR},
      </if>
      <if test="bankNo != null" >
        BANK_NO = #{bankNo,jdbcType=VARCHAR},
      </if>
      <if test="channelUserMobile != null" >
        CHANNEL_USER_MOBILE = #{channelUserMobile,jdbcType=VARCHAR},
      </if>
      <if test="openBank != null" >
        OPEN_BANK = #{openBank,jdbcType=VARCHAR},
      </if>
      <if test="bankCode != null" >
        BANK_CODE = #{bankCode,jdbcType=VARCHAR},
      </if>
      <if test="applyTime != null" >
        APPLY_TIME = #{applyTime,jdbcType=TIMESTAMP},
      </if>
      <if test="cashAmt != null" >
        CASH_AMT = #{cashAmt,jdbcType=DECIMAL},
      </if>
      <if test="afterCashAmt != null" >
        AFTER_CASH_AMT = #{afterCashAmt,jdbcType=DECIMAL},
      </if>
      <if test="beforeCashAmt != null" >
        BEFORE_CASH_AMT = #{beforeCashAmt,jdbcType=DECIMAL},
      </if>
      <if test="status != null" >
        STATUS = #{status,jdbcType=CHAR},
      </if>
      <if test="voucherNo != null" >
        VOUCHER_NO = #{voucherNo,jdbcType=VARCHAR},
      </if>
      <if test="transactionType != null" >
        TRANSACTION_TYPE = #{transactionType,jdbcType=CHAR},
      </if>
      <if test="transactionTime != null" >
        TRANSACTION_TIME = #{transactionTime,jdbcType=TIMESTAMP},
      </if>
      <if test="attachments != null" >
        ATTACHMENTS = #{attachments,jdbcType=VARCHAR},
      </if>
      <if test="remark != null" >
        REMARK = #{remark,jdbcType=VARCHAR},
      </if>
      <if test="operateTime != null" >
        OPERATE_TIME = #{operateTime,jdbcType=TIMESTAMP},
      </if>
      <if test="operateUser != null" >
        OPERATE_USER = #{operateUser,jdbcType=VARCHAR},
      </if>
    </set>
    where AUDIT_APPLY_ID = #{auditApplyId,jdbcType=VARCHAR}
  </update>
  <update id="updateByPrimaryKey" parameterType="entity.YjAuditApplyM" >
    update yj_audit_apply_m
    set CHANNEL_USERID = #{channelUserid,jdbcType=VARCHAR},
      CASH_APPLY_ID = #{cashApplyId,jdbcType=VARCHAR},
      CHANNEL_USER_NAME = #{channelUserName,jdbcType=VARCHAR},
      CHANNEL_USER_IDCARD = #{channelUserIdcard,jdbcType=VARCHAR},
      BANK_NO = #{bankNo,jdbcType=VARCHAR},
      CHANNEL_USER_MOBILE = #{channelUserMobile,jdbcType=VARCHAR},
      OPEN_BANK = #{openBank,jdbcType=VARCHAR},
      BANK_CODE = #{bankCode,jdbcType=VARCHAR},
      APPLY_TIME = #{applyTime,jdbcType=TIMESTAMP},
      CASH_AMT = #{cashAmt,jdbcType=DECIMAL},
      AFTER_CASH_AMT = #{afterCashAmt,jdbcType=DECIMAL},
      BEFORE_CASH_AMT = #{beforeCashAmt,jdbcType=DECIMAL},
      STATUS = #{status,jdbcType=CHAR},
      VOUCHER_NO = #{voucherNo,jdbcType=VARCHAR},
      TRANSACTION_TYPE = #{transactionType,jdbcType=CHAR},
      TRANSACTION_TIME = #{transactionTime,jdbcType=TIMESTAMP},
      ATTACHMENTS = #{attachments,jdbcType=VARCHAR},
      REMARK = #{remark,jdbcType=VARCHAR},
      OPERATE_TIME = #{operateTime,jdbcType=TIMESTAMP},
      OPERATE_USER = #{operateUser,jdbcType=VARCHAR}
    where AUDIT_APPLY_ID = #{auditApplyId,jdbcType=VARCHAR}
  </update>
</mapper>