<?xml version="1.0" encoding="UTF-8" ?>
<!DOCTYPE mapper PUBLIC "-//mybatis.org//DTD Mapper 3.0//EN" "http://mybatis.org/dtd/mybatis-3-mapper.dtd" >
<mapper namespace="dao.YjBankinfoMMapper" >
  <resultMap id="BaseResultMap" type="entity.YjBankinfoM" >
    <constructor >
      <idArg column="BANK_ID" jdbcType="VARCHAR" javaType="java.lang.String" />
      <arg column="CHANNEL_USER_ID" jdbcType="VARCHAR" javaType="java.lang.String" />
      <arg column="BANK_NO" jdbcType="VARCHAR" javaType="java.lang.String" />
      <arg column="BANK_RESERVED_MOBILE" jdbcType="VARCHAR" javaType="java.lang.String" />
      <arg column="BANK_CODE" jdbcType="VARCHAR" javaType="java.lang.String" />
      <arg column="OPEN_BANK" jdbcType="VARCHAR" javaType="java.lang.String" />
      <arg column="DELETE_FLAG" jdbcType="CHAR" javaType="java.lang.String" />
      <arg column="DEFAULT_FLAG" jdbcType="CHAR" javaType="java.lang.String" />
      <arg column="OPERATE_USER" jdbcType="VARCHAR" javaType="java.lang.String" />
      <arg column="OPERATE_TMIE" jdbcType="TIMESTAMP" javaType="java.util.Date" />
    </constructor>
  </resultMap>
  <sql id="Base_Column_List" >
    BANK_ID, CHANNEL_USER_ID, BANK_NO, BANK_RESERVED_MOBILE, BANK_CODE, OPEN_BANK, DELETE_FLAG, 
    DEFAULT_FLAG, OPERATE_USER, OPERATE_TMIE
  </sql>
  <select id="selectByPrimaryKey" resultMap="BaseResultMap" parameterType="java.lang.String" >
    select 
    <include refid="Base_Column_List" />
    from yj_bankinfo_m
    where BANK_ID = #{bankId,jdbcType=VARCHAR}
  </select>
  <delete id="deleteByPrimaryKey" parameterType="java.lang.String" >
    delete from yj_bankinfo_m
    where BANK_ID = #{bankId,jdbcType=VARCHAR}
  </delete>
  <insert id="insert" parameterType="entity.YjBankinfoM" >
    insert into yj_bankinfo_m (BANK_ID, CHANNEL_USER_ID, BANK_NO, 
      BANK_RESERVED_MOBILE, BANK_CODE, OPEN_BANK, 
      DELETE_FLAG, DEFAULT_FLAG, OPERATE_USER, 
      OPERATE_TMIE)
    values (#{bankId,jdbcType=VARCHAR}, #{channelUserId,jdbcType=VARCHAR}, #{bankNo,jdbcType=VARCHAR}, 
      #{bankReservedMobile,jdbcType=VARCHAR}, #{bankCode,jdbcType=VARCHAR}, #{openBank,jdbcType=VARCHAR}, 
      #{deleteFlag,jdbcType=CHAR}, #{defaultFlag,jdbcType=CHAR}, #{operateUser,jdbcType=VARCHAR}, 
      #{operateTmie,jdbcType=TIMESTAMP})
  </insert>
  <insert id="insertSelective" parameterType="entity.YjBankinfoM" >
    insert into yj_bankinfo_m
    <trim prefix="(" suffix=")" suffixOverrides="," >
      <if test="bankId != null" >
        BANK_ID,
      </if>
      <if test="channelUserId != null" >
        CHANNEL_USER_ID,
      </if>
      <if test="bankNo != null" >
        BANK_NO,
      </if>
      <if test="bankReservedMobile != null" >
        BANK_RESERVED_MOBILE,
      </if>
      <if test="bankCode != null" >
        BANK_CODE,
      </if>
      <if test="openBank != null" >
        OPEN_BANK,
      </if>
      <if test="deleteFlag != null" >
        DELETE_FLAG,
      </if>
      <if test="defaultFlag != null" >
        DEFAULT_FLAG,
      </if>
      <if test="operateUser != null" >
        OPERATE_USER,
      </if>
      <if test="operateTmie != null" >
        OPERATE_TMIE,
      </if>
    </trim>
    <trim prefix="values (" suffix=")" suffixOverrides="," >
      <if test="bankId != null" >
        #{bankId,jdbcType=VARCHAR},
      </if>
      <if test="channelUserId != null" >
        #{channelUserId,jdbcType=VARCHAR},
      </if>
      <if test="bankNo != null" >
        #{bankNo,jdbcType=VARCHAR},
      </if>
      <if test="bankReservedMobile != null" >
        #{bankReservedMobile,jdbcType=VARCHAR},
      </if>
      <if test="bankCode != null" >
        #{bankCode,jdbcType=VARCHAR},
      </if>
      <if test="openBank != null" >
        #{openBank,jdbcType=VARCHAR},
      </if>
      <if test="deleteFlag != null" >
        #{deleteFlag,jdbcType=CHAR},
      </if>
      <if test="defaultFlag != null" >
        #{defaultFlag,jdbcType=CHAR},
      </if>
      <if test="operateUser != null" >
        #{operateUser,jdbcType=VARCHAR},
      </if>
      <if test="operateTmie != null" >
        #{operateTmie,jdbcType=TIMESTAMP},
      </if>
    </trim>
  </insert>
  <update id="updateByPrimaryKeySelective" parameterType="entity.YjBankinfoM" >
    update yj_bankinfo_m
    <set >
      <if test="channelUserId != null" >
        CHANNEL_USER_ID = #{channelUserId,jdbcType=VARCHAR},
      </if>
      <if test="bankNo != null" >
        BANK_NO = #{bankNo,jdbcType=VARCHAR},
      </if>
      <if test="bankReservedMobile != null" >
        BANK_RESERVED_MOBILE = #{bankReservedMobile,jdbcType=VARCHAR},
      </if>
      <if test="bankCode != null" >
        BANK_CODE = #{bankCode,jdbcType=VARCHAR},
      </if>
      <if test="openBank != null" >
        OPEN_BANK = #{openBank,jdbcType=VARCHAR},
      </if>
      <if test="deleteFlag != null" >
        DELETE_FLAG = #{deleteFlag,jdbcType=CHAR},
      </if>
      <if test="defaultFlag != null" >
        DEFAULT_FLAG = #{defaultFlag,jdbcType=CHAR},
      </if>
      <if test="operateUser != null" >
        OPERATE_USER = #{operateUser,jdbcType=VARCHAR},
      </if>
      <if test="operateTmie != null" >
        OPERATE_TMIE = #{operateTmie,jdbcType=TIMESTAMP},
      </if>
    </set>
    where BANK_ID = #{bankId,jdbcType=VARCHAR}
  </update>
  <update id="updateByPrimaryKey" parameterType="entity.YjBankinfoM" >
    update yj_bankinfo_m
    set CHANNEL_USER_ID = #{channelUserId,jdbcType=VARCHAR},
      BANK_NO = #{bankNo,jdbcType=VARCHAR},
      BANK_RESERVED_MOBILE = #{bankReservedMobile,jdbcType=VARCHAR},
      BANK_CODE = #{bankCode,jdbcType=VARCHAR},
      OPEN_BANK = #{openBank,jdbcType=VARCHAR},
      DELETE_FLAG = #{deleteFlag,jdbcType=CHAR},
      DEFAULT_FLAG = #{defaultFlag,jdbcType=CHAR},
      OPERATE_USER = #{operateUser,jdbcType=VARCHAR},
      OPERATE_TMIE = #{operateTmie,jdbcType=TIMESTAMP}
    where BANK_ID = #{bankId,jdbcType=VARCHAR}
  </update>
</mapper>