<?xml version="1.0" encoding="UTF-8" ?>
<!DOCTYPE mapper PUBLIC "-//mybatis.org//DTD Mapper 3.0//EN" "http://mybatis.org/dtd/mybatis-3-mapper.dtd" >
<mapper namespace="dao.YjCashapplyMMapper" >
  <resultMap id="BaseResultMap" type="entity.YjCashapplyM" >
    <constructor >
      <idArg column="CASH_APPLY_ID" jdbcType="VARCHAR" javaType="java.lang.String" />
      <arg column="CHANNEL_USER_ID" jdbcType="VARCHAR" javaType="java.lang.String" />
      <arg column="BANK_NO" jdbcType="VARCHAR" javaType="java.lang.String" />
      <arg column="CASH_AMT" jdbcType="DECIMAL" javaType="java.math.BigDecimal" />
      <arg column="AFTER_CASH_AMT" jdbcType="DECIMAL" javaType="java.math.BigDecimal" />
      <arg column="BEFORE_CASH_AMT" jdbcType="DECIMAL" javaType="java.math.BigDecimal" />
      <arg column="CASH_TYPE" jdbcType="CHAR" javaType="java.lang.String" />
      <arg column="VOUCHER_SERIALNO_ID" jdbcType="VARCHAR" javaType="java.lang.String" />
      <arg column="VOUCHER_NO" jdbcType="VARCHAR" javaType="java.lang.String" />
      <arg column="APPLY_TIME" jdbcType="TIMESTAMP" javaType="java.util.Date" />
      <arg column="STATUS" jdbcType="CHAR" javaType="java.lang.String" />
      <arg column="FAIL_MSG" jdbcType="VARCHAR" javaType="java.lang.String" />
    </constructor>
  </resultMap>
  <sql id="Base_Column_List" >
    CASH_APPLY_ID, CHANNEL_USER_ID, BANK_NO, CASH_AMT, AFTER_CASH_AMT, BEFORE_CASH_AMT, 
    CASH_TYPE, VOUCHER_SERIALNO_ID, VOUCHER_NO, APPLY_TIME, STATUS, FAIL_MSG
  </sql>
  <select id="selectByPrimaryKey" resultMap="BaseResultMap" parameterType="java.lang.String" >
    select 
    <include refid="Base_Column_List" />
    from yj_cashapply_m
    where CASH_APPLY_ID = #{cashApplyId,jdbcType=VARCHAR}
  </select>
  <delete id="deleteByPrimaryKey" parameterType="java.lang.String" >
    delete from yj_cashapply_m
    where CASH_APPLY_ID = #{cashApplyId,jdbcType=VARCHAR}
  </delete>
  <insert id="insert" parameterType="entity.YjCashapplyM" >
    insert into yj_cashapply_m (CASH_APPLY_ID, CHANNEL_USER_ID, BANK_NO, 
      CASH_AMT, AFTER_CASH_AMT, BEFORE_CASH_AMT, 
      CASH_TYPE, VOUCHER_SERIALNO_ID, VOUCHER_NO, 
      APPLY_TIME, STATUS, FAIL_MSG
      )
    values (#{cashApplyId,jdbcType=VARCHAR}, #{channelUserId,jdbcType=VARCHAR}, #{bankNo,jdbcType=VARCHAR}, 
      #{cashAmt,jdbcType=DECIMAL}, #{afterCashAmt,jdbcType=DECIMAL}, #{beforeCashAmt,jdbcType=DECIMAL}, 
      #{cashType,jdbcType=CHAR}, #{voucherSerialnoId,jdbcType=VARCHAR}, #{voucherNo,jdbcType=VARCHAR}, 
      #{applyTime,jdbcType=TIMESTAMP}, #{status,jdbcType=CHAR}, #{failMsg,jdbcType=VARCHAR}
      )
  </insert>
  <insert id="insertSelective" parameterType="entity.YjCashapplyM" >
    insert into yj_cashapply_m
    <trim prefix="(" suffix=")" suffixOverrides="," >
      <if test="cashApplyId != null" >
        CASH_APPLY_ID,
      </if>
      <if test="channelUserId != null" >
        CHANNEL_USER_ID,
      </if>
      <if test="bankNo != null" >
        BANK_NO,
      </if>
      <if test="cashAmt != null" >
        CASH_AMT,
      </if>
      <if test="afterCashAmt != null" >
        AFTER_CASH_AMT,
      </if>
      <if test="beforeCashAmt != null" >
        BEFORE_CASH_AMT,
      </if>
      <if test="cashType != null" >
        CASH_TYPE,
      </if>
      <if test="voucherSerialnoId != null" >
        VOUCHER_SERIALNO_ID,
      </if>
      <if test="voucherNo != null" >
        VOUCHER_NO,
      </if>
      <if test="applyTime != null" >
        APPLY_TIME,
      </if>
      <if test="status != null" >
        STATUS,
      </if>
      <if test="failMsg != null" >
        FAIL_MSG,
      </if>
    </trim>
    <trim prefix="values (" suffix=")" suffixOverrides="," >
      <if test="cashApplyId != null" >
        #{cashApplyId,jdbcType=VARCHAR},
      </if>
      <if test="channelUserId != null" >
        #{channelUserId,jdbcType=VARCHAR},
      </if>
      <if test="bankNo != null" >
        #{bankNo,jdbcType=VARCHAR},
      </if>
      <if test="cashAmt != null" >
        #{cashAmt,jdbcType=DECIMAL},
      </if>
      <if test="afterCashAmt != null" >
        #{afterCashAmt,jdbcType=DECIMAL},
      </if>
      <if test="beforeCashAmt != null" >
        #{beforeCashAmt,jdbcType=DECIMAL},
      </if>
      <if test="cashType != null" >
        #{cashType,jdbcType=CHAR},
      </if>
      <if test="voucherSerialnoId != null" >
        #{voucherSerialnoId,jdbcType=VARCHAR},
      </if>
      <if test="voucherNo != null" >
        #{voucherNo,jdbcType=VARCHAR},
      </if>
      <if test="applyTime != null" >
        #{applyTime,jdbcType=TIMESTAMP},
      </if>
      <if test="status != null" >
        #{status,jdbcType=CHAR},
      </if>
      <if test="failMsg != null" >
        #{failMsg,jdbcType=VARCHAR},
      </if>
    </trim>
  </insert>
  <update id="updateByPrimaryKeySelective" parameterType="entity.YjCashapplyM" >
    update yj_cashapply_m
    <set >
      <if test="channelUserId != null" >
        CHANNEL_USER_ID = #{channelUserId,jdbcType=VARCHAR},
      </if>
      <if test="bankNo != null" >
        BANK_NO = #{bankNo,jdbcType=VARCHAR},
      </if>
      <if test="cashAmt != null" >
        CASH_AMT = #{cashAmt,jdbcType=DECIMAL},
      </if>
      <if test="afterCashAmt != null" >
        AFTER_CASH_AMT = #{afterCashAmt,jdbcType=DECIMAL},
      </if>
      <if test="beforeCashAmt != null" >
        BEFORE_CASH_AMT = #{beforeCashAmt,jdbcType=DECIMAL},
      </if>
      <if test="cashType != null" >
        CASH_TYPE = #{cashType,jdbcType=CHAR},
      </if>
      <if test="voucherSerialnoId != null" >
        VOUCHER_SERIALNO_ID = #{voucherSerialnoId,jdbcType=VARCHAR},
      </if>
      <if test="voucherNo != null" >
        VOUCHER_NO = #{voucherNo,jdbcType=VARCHAR},
      </if>
      <if test="applyTime != null" >
        APPLY_TIME = #{applyTime,jdbcType=TIMESTAMP},
      </if>
      <if test="status != null" >
        STATUS = #{status,jdbcType=CHAR},
      </if>
      <if test="failMsg != null" >
        FAIL_MSG = #{failMsg,jdbcType=VARCHAR},
      </if>
    </set>
    where CASH_APPLY_ID = #{cashApplyId,jdbcType=VARCHAR}
  </update>
  <update id="updateByPrimaryKey" parameterType="entity.YjCashapplyM" >
    update yj_cashapply_m
    set CHANNEL_USER_ID = #{channelUserId,jdbcType=VARCHAR},
      BANK_NO = #{bankNo,jdbcType=VARCHAR},
      CASH_AMT = #{cashAmt,jdbcType=DECIMAL},
      AFTER_CASH_AMT = #{afterCashAmt,jdbcType=DECIMAL},
      BEFORE_CASH_AMT = #{beforeCashAmt,jdbcType=DECIMAL},
      CASH_TYPE = #{cashType,jdbcType=CHAR},
      VOUCHER_SERIALNO_ID = #{voucherSerialnoId,jdbcType=VARCHAR},
      VOUCHER_NO = #{voucherNo,jdbcType=VARCHAR},
      APPLY_TIME = #{applyTime,jdbcType=TIMESTAMP},
      STATUS = #{status,jdbcType=CHAR},
      FAIL_MSG = #{failMsg,jdbcType=VARCHAR}
    where CASH_APPLY_ID = #{cashApplyId,jdbcType=VARCHAR}
  </update>
</mapper>