<?xml version="1.0" encoding="UTF-8" ?>
<!DOCTYPE mapper PUBLIC "-//mybatis.org//DTD Mapper 3.0//EN" "http://mybatis.org/dtd/mybatis-3-mapper.dtd" >
<mapper namespace="dao.YjForWaterMMapper" >
  <resultMap id="BaseResultMap" type="entity.YjForWaterM" >
    <constructor >
      <idArg column="FOR_WATER_ID" jdbcType="VARCHAR" javaType="java.lang.String" />
      <arg column="COMPANY_USER_ID" jdbcType="VARCHAR" javaType="java.lang.String" />
      <arg column="VOUCHER_NAME" jdbcType="VARCHAR" javaType="java.lang.String" />
      <arg column="TRANSACTION_AMOUNT" jdbcType="DECIMAL" javaType="java.math.BigDecimal" />
      <arg column="TRANSACTION_TIME" jdbcType="TIMESTAMP" javaType="java.util.Date" />
      <arg column="OPERATE_USER" jdbcType="VARCHAR" javaType="java.lang.String" />
      <arg column="OPERATE_TMIE" jdbcType="TIMESTAMP" javaType="java.util.Date" />
      <arg column="VOUCHER_COUNT" jdbcType="INTEGER" javaType="java.lang.Integer" />
      <arg column="LOANS_COUNT" jdbcType="INTEGER" javaType="java.lang.Integer" />
      <arg column="AUDIT_TIME" jdbcType="TIMESTAMP" javaType="java.util.Date" />
      <arg column="AUDIT_STATUS" jdbcType="CHAR" javaType="java.lang.String" />
      <arg column="AUDIT_MSG" jdbcType="VARCHAR" javaType="java.lang.String" />
      <arg column="AUDIT_USER_ID" jdbcType="VARCHAR" javaType="java.lang.String" />
    </constructor>
  </resultMap>
  <sql id="Base_Column_List" >
    FOR_WATER_ID, COMPANY_USER_ID, VOUCHER_NAME, TRANSACTION_AMOUNT, TRANSACTION_TIME, 
    OPERATE_USER, OPERATE_TMIE, VOUCHER_COUNT, LOANS_COUNT, AUDIT_TIME, AUDIT_STATUS, 
    AUDIT_MSG, AUDIT_USER_ID
  </sql>
  <select id="selectByPrimaryKey" resultMap="BaseResultMap" parameterType="java.lang.String" >
    select 
    <include refid="Base_Column_List" />
    from yj_for_water_m
    where FOR_WATER_ID = #{forWaterId,jdbcType=VARCHAR}
  </select>
  <delete id="deleteByPrimaryKey" parameterType="java.lang.String" >
    delete from yj_for_water_m
    where FOR_WATER_ID = #{forWaterId,jdbcType=VARCHAR}
  </delete>
  <insert id="insert" parameterType="entity.YjForWaterM" >
    insert into yj_for_water_m (FOR_WATER_ID, COMPANY_USER_ID, VOUCHER_NAME, 
      TRANSACTION_AMOUNT, TRANSACTION_TIME, OPERATE_USER, 
      OPERATE_TMIE, VOUCHER_COUNT, LOANS_COUNT, 
      AUDIT_TIME, AUDIT_STATUS, AUDIT_MSG, 
      AUDIT_USER_ID)
    values (#{forWaterId,jdbcType=VARCHAR}, #{companyUserId,jdbcType=VARCHAR}, #{voucherName,jdbcType=VARCHAR}, 
      #{transactionAmount,jdbcType=DECIMAL}, #{transactionTime,jdbcType=TIMESTAMP}, #{operateUser,jdbcType=VARCHAR}, 
      #{operateTmie,jdbcType=TIMESTAMP}, #{voucherCount,jdbcType=INTEGER}, #{loansCount,jdbcType=INTEGER}, 
      #{auditTime,jdbcType=TIMESTAMP}, #{auditStatus,jdbcType=CHAR}, #{auditMsg,jdbcType=VARCHAR}, 
      #{auditUserId,jdbcType=VARCHAR})
  </insert>
  <insert id="insertSelective" parameterType="entity.YjForWaterM" >
    insert into yj_for_water_m
    <trim prefix="(" suffix=")" suffixOverrides="," >
      <if test="forWaterId != null" >
        FOR_WATER_ID,
      </if>
      <if test="companyUserId != null" >
        COMPANY_USER_ID,
      </if>
      <if test="voucherName != null" >
        VOUCHER_NAME,
      </if>
      <if test="transactionAmount != null" >
        TRANSACTION_AMOUNT,
      </if>
      <if test="transactionTime != null" >
        TRANSACTION_TIME,
      </if>
      <if test="operateUser != null" >
        OPERATE_USER,
      </if>
      <if test="operateTmie != null" >
        OPERATE_TMIE,
      </if>
      <if test="voucherCount != null" >
        VOUCHER_COUNT,
      </if>
      <if test="loansCount != null" >
        LOANS_COUNT,
      </if>
      <if test="auditTime != null" >
        AUDIT_TIME,
      </if>
      <if test="auditStatus != null" >
        AUDIT_STATUS,
      </if>
      <if test="auditMsg != null" >
        AUDIT_MSG,
      </if>
      <if test="auditUserId != null" >
        AUDIT_USER_ID,
      </if>
    </trim>
    <trim prefix="values (" suffix=")" suffixOverrides="," >
      <if test="forWaterId != null" >
        #{forWaterId,jdbcType=VARCHAR},
      </if>
      <if test="companyUserId != null" >
        #{companyUserId,jdbcType=VARCHAR},
      </if>
      <if test="voucherName != null" >
        #{voucherName,jdbcType=VARCHAR},
      </if>
      <if test="transactionAmount != null" >
        #{transactionAmount,jdbcType=DECIMAL},
      </if>
      <if test="transactionTime != null" >
        #{transactionTime,jdbcType=TIMESTAMP},
      </if>
      <if test="operateUser != null" >
        #{operateUser,jdbcType=VARCHAR},
      </if>
      <if test="operateTmie != null" >
        #{operateTmie,jdbcType=TIMESTAMP},
      </if>
      <if test="voucherCount != null" >
        #{voucherCount,jdbcType=INTEGER},
      </if>
      <if test="loansCount != null" >
        #{loansCount,jdbcType=INTEGER},
      </if>
      <if test="auditTime != null" >
        #{auditTime,jdbcType=TIMESTAMP},
      </if>
      <if test="auditStatus != null" >
        #{auditStatus,jdbcType=CHAR},
      </if>
      <if test="auditMsg != null" >
        #{auditMsg,jdbcType=VARCHAR},
      </if>
      <if test="auditUserId != null" >
        #{auditUserId,jdbcType=VARCHAR},
      </if>
    </trim>
  </insert>
  <update id="updateByPrimaryKeySelective" parameterType="entity.YjForWaterM" >
    update yj_for_water_m
    <set >
      <if test="companyUserId != null" >
        COMPANY_USER_ID = #{companyUserId,jdbcType=VARCHAR},
      </if>
      <if test="voucherName != null" >
        VOUCHER_NAME = #{voucherName,jdbcType=VARCHAR},
      </if>
      <if test="transactionAmount != null" >
        TRANSACTION_AMOUNT = #{transactionAmount,jdbcType=DECIMAL},
      </if>
      <if test="transactionTime != null" >
        TRANSACTION_TIME = #{transactionTime,jdbcType=TIMESTAMP},
      </if>
      <if test="operateUser != null" >
        OPERATE_USER = #{operateUser,jdbcType=VARCHAR},
      </if>
      <if test="operateTmie != null" >
        OPERATE_TMIE = #{operateTmie,jdbcType=TIMESTAMP},
      </if>
      <if test="voucherCount != null" >
        VOUCHER_COUNT = #{voucherCount,jdbcType=INTEGER},
      </if>
      <if test="loansCount != null" >
        LOANS_COUNT = #{loansCount,jdbcType=INTEGER},
      </if>
      <if test="auditTime != null" >
        AUDIT_TIME = #{auditTime,jdbcType=TIMESTAMP},
      </if>
      <if test="auditStatus != null" >
        AUDIT_STATUS = #{auditStatus,jdbcType=CHAR},
      </if>
      <if test="auditMsg != null" >
        AUDIT_MSG = #{auditMsg,jdbcType=VARCHAR},
      </if>
      <if test="auditUserId != null" >
        AUDIT_USER_ID = #{auditUserId,jdbcType=VARCHAR},
      </if>
    </set>
    where FOR_WATER_ID = #{forWaterId,jdbcType=VARCHAR}
  </update>
  <update id="updateByPrimaryKey" parameterType="entity.YjForWaterM" >
    update yj_for_water_m
    set COMPANY_USER_ID = #{companyUserId,jdbcType=VARCHAR},
      VOUCHER_NAME = #{voucherName,jdbcType=VARCHAR},
      TRANSACTION_AMOUNT = #{transactionAmount,jdbcType=DECIMAL},
      TRANSACTION_TIME = #{transactionTime,jdbcType=TIMESTAMP},
      OPERATE_USER = #{operateUser,jdbcType=VARCHAR},
      OPERATE_TMIE = #{operateTmie,jdbcType=TIMESTAMP},
      VOUCHER_COUNT = #{voucherCount,jdbcType=INTEGER},
      LOANS_COUNT = #{loansCount,jdbcType=INTEGER},
      AUDIT_TIME = #{auditTime,jdbcType=TIMESTAMP},
      AUDIT_STATUS = #{auditStatus,jdbcType=CHAR},
      AUDIT_MSG = #{auditMsg,jdbcType=VARCHAR},
      AUDIT_USER_ID = #{auditUserId,jdbcType=VARCHAR}
    where FOR_WATER_ID = #{forWaterId,jdbcType=VARCHAR}
  </update>
</mapper>