<?xml version="1.0" encoding="UTF-8" ?>
<!DOCTYPE mapper PUBLIC "-//mybatis.org//DTD Mapper 3.0//EN" "http://mybatis.org/dtd/mybatis-3-mapper.dtd" >
<mapper namespace="dao.YjForWaterTMapper" >
  <resultMap id="BaseResultMap" type="entity.YjForWaterT" >
    <constructor >
      <idArg column="FOR_WATER_ID" jdbcType="VARCHAR" javaType="java.lang.String" />
      <arg column="COMPANY_USER_ID" jdbcType="VARCHAR" javaType="java.lang.String" />
      <arg column="VOUCHER_NAME" jdbcType="VARCHAR" javaType="java.lang.String" />
      <arg column="TRANSACTION_AMOUNT" jdbcType="DECIMAL" javaType="java.math.BigDecimal" />
      <arg column="TRANSACTION_TIME" jdbcType="TIMESTAMP" javaType="java.util.Date" />
      <arg column="OPERATE_USER" jdbcType="VARCHAR" javaType="java.lang.String" />
      <arg column="OPERATE_TMIE" jdbcType="TIMESTAMP" javaType="java.util.Date" />
      <arg column="VOUCHER_COUNT" jdbcType="INTEGER" javaType="java.lang.Integer" />
      <arg column="LOANS_COUNT" jdbcType="INTEGER" javaType="java.lang.Integer" />
      <arg column="STATUS" jdbcType="CHAR" javaType="java.lang.String" />
    </constructor>
  </resultMap>
  <sql id="Base_Column_List" >
    FOR_WATER_ID, COMPANY_USER_ID, VOUCHER_NAME, TRANSACTION_AMOUNT, TRANSACTION_TIME, 
    OPERATE_USER, OPERATE_TMIE, VOUCHER_COUNT, LOANS_COUNT, STATUS
  </sql>
  <select id="selectByPrimaryKey" resultMap="BaseResultMap" parameterType="java.lang.String" >
    select 
    <include refid="Base_Column_List" />
    from yj_for_water_t
    where FOR_WATER_ID = #{forWaterId,jdbcType=VARCHAR}
  </select>
  <delete id="deleteByPrimaryKey" parameterType="java.lang.String" >
    delete from yj_for_water_t
    where FOR_WATER_ID = #{forWaterId,jdbcType=VARCHAR}
  </delete>
  <insert id="insert" parameterType="entity.YjForWaterT" >
    insert into yj_for_water_t (FOR_WATER_ID, COMPANY_USER_ID, VOUCHER_NAME, 
      TRANSACTION_AMOUNT, TRANSACTION_TIME, OPERATE_USER, 
      OPERATE_TMIE, VOUCHER_COUNT, LOANS_COUNT, 
      STATUS)
    values (#{forWaterId,jdbcType=VARCHAR}, #{companyUserId,jdbcType=VARCHAR}, #{voucherName,jdbcType=VARCHAR}, 
      #{transactionAmount,jdbcType=DECIMAL}, #{transactionTime,jdbcType=TIMESTAMP}, #{operateUser,jdbcType=VARCHAR}, 
      #{operateTmie,jdbcType=TIMESTAMP}, #{voucherCount,jdbcType=INTEGER}, #{loansCount,jdbcType=INTEGER}, 
      #{status,jdbcType=CHAR})
  </insert>
  <insert id="insertSelective" parameterType="entity.YjForWaterT" >
    insert into yj_for_water_t
    <trim prefix="(" suffix=")" suffixOverrides="," >
      <if test="forWaterId != null" >
        FOR_WATER_ID,
      </if>
      <if test="companyUserId != null" >
        COMPANY_USER_ID,
      </if>
      <if test="voucherName != null" >
        VOUCHER_NAME,
      </if>
      <if test="transactionAmount != null" >
        TRANSACTION_AMOUNT,
      </if>
      <if test="transactionTime != null" >
        TRANSACTION_TIME,
      </if>
      <if test="operateUser != null" >
        OPERATE_USER,
      </if>
      <if test="operateTmie != null" >
        OPERATE_TMIE,
      </if>
      <if test="voucherCount != null" >
        VOUCHER_COUNT,
      </if>
      <if test="loansCount != null" >
        LOANS_COUNT,
      </if>
      <if test="status != null" >
        STATUS,
      </if>
    </trim>
    <trim prefix="values (" suffix=")" suffixOverrides="," >
      <if test="forWaterId != null" >
        #{forWaterId,jdbcType=VARCHAR},
      </if>
      <if test="companyUserId != null" >
        #{companyUserId,jdbcType=VARCHAR},
      </if>
      <if test="voucherName != null" >
        #{voucherName,jdbcType=VARCHAR},
      </if>
      <if test="transactionAmount != null" >
        #{transactionAmount,jdbcType=DECIMAL},
      </if>
      <if test="transactionTime != null" >
        #{transactionTime,jdbcType=TIMESTAMP},
      </if>
      <if test="operateUser != null" >
        #{operateUser,jdbcType=VARCHAR},
      </if>
      <if test="operateTmie != null" >
        #{operateTmie,jdbcType=TIMESTAMP},
      </if>
      <if test="voucherCount != null" >
        #{voucherCount,jdbcType=INTEGER},
      </if>
      <if test="loansCount != null" >
        #{loansCount,jdbcType=INTEGER},
      </if>
      <if test="status != null" >
        #{status,jdbcType=CHAR},
      </if>
    </trim>
  </insert>
  <update id="updateByPrimaryKeySelective" parameterType="entity.YjForWaterT" >
    update yj_for_water_t
    <set >
      <if test="companyUserId != null" >
        COMPANY_USER_ID = #{companyUserId,jdbcType=VARCHAR},
      </if>
      <if test="voucherName != null" >
        VOUCHER_NAME = #{voucherName,jdbcType=VARCHAR},
      </if>
      <if test="transactionAmount != null" >
        TRANSACTION_AMOUNT = #{transactionAmount,jdbcType=DECIMAL},
      </if>
      <if test="transactionTime != null" >
        TRANSACTION_TIME = #{transactionTime,jdbcType=TIMESTAMP},
      </if>
      <if test="operateUser != null" >
        OPERATE_USER = #{operateUser,jdbcType=VARCHAR},
      </if>
      <if test="operateTmie != null" >
        OPERATE_TMIE = #{operateTmie,jdbcType=TIMESTAMP},
      </if>
      <if test="voucherCount != null" >
        VOUCHER_COUNT = #{voucherCount,jdbcType=INTEGER},
      </if>
      <if test="loansCount != null" >
        LOANS_COUNT = #{loansCount,jdbcType=INTEGER},
      </if>
      <if test="status != null" >
        STATUS = #{status,jdbcType=CHAR},
      </if>
    </set>
    where FOR_WATER_ID = #{forWaterId,jdbcType=VARCHAR}
  </update>
  <update id="updateByPrimaryKey" parameterType="entity.YjForWaterT" >
    update yj_for_water_t
    set COMPANY_USER_ID = #{companyUserId,jdbcType=VARCHAR},
      VOUCHER_NAME = #{voucherName,jdbcType=VARCHAR},
      TRANSACTION_AMOUNT = #{transactionAmount,jdbcType=DECIMAL},
      TRANSACTION_TIME = #{transactionTime,jdbcType=TIMESTAMP},
      OPERATE_USER = #{operateUser,jdbcType=VARCHAR},
      OPERATE_TMIE = #{operateTmie,jdbcType=TIMESTAMP},
      VOUCHER_COUNT = #{voucherCount,jdbcType=INTEGER},
      LOANS_COUNT = #{loansCount,jdbcType=INTEGER},
      STATUS = #{status,jdbcType=CHAR}
    where FOR_WATER_ID = #{forWaterId,jdbcType=VARCHAR}
  </update>
</mapper>