<?xml version="1.0" encoding="UTF-8" ?>
<!DOCTYPE mapper PUBLIC "-//mybatis.org//DTD Mapper 3.0//EN" "http://mybatis.org/dtd/mybatis-3-mapper.dtd" >
<mapper namespace="dao.YjRedundancySummaryHMapper" >
  <resultMap id="BaseResultMap" type="entity.YjRedundancySummaryH" >
    <constructor >
      <idArg column="SEQ_ID" jdbcType="VARCHAR" javaType="java.lang.String" />
      <arg column="SUMMARY_ID" jdbcType="VARCHAR" javaType="java.lang.String" />
      <arg column="CHANNEL_USER_ID" jdbcType="VARCHAR" javaType="java.lang.String" />
      <arg column="COMMISSION_AMOUNT" jdbcType="DECIMAL" javaType="java.math.BigDecimal" />
      <arg column="COMMISSION_BALANCE" jdbcType="DECIMAL" javaType="java.math.BigDecimal" />
      <arg column="LOANS_AMOUNT" jdbcType="DECIMAL" javaType="java.math.BigDecimal" />
      <arg column="CASHED_AMOUNT" jdbcType="DECIMAL" javaType="java.math.BigDecimal" />
      <arg column="FROZEN_AMT" jdbcType="DECIMAL" javaType="java.math.BigDecimal" />
      <arg column="APPLY_AMT" jdbcType="DECIMAL" javaType="java.math.BigDecimal" />
      <arg column="OPERATE_TIME" jdbcType="TIMESTAMP" javaType="java.util.Date" />
      <arg column="OPERATE_USER" jdbcType="VARCHAR" javaType="java.lang.String" />
    </constructor>
  </resultMap>
  <sql id="Base_Column_List" >
    SEQ_ID, SUMMARY_ID, CHANNEL_USER_ID, COMMISSION_AMOUNT, COMMISSION_BALANCE, LOANS_AMOUNT, 
    CASHED_AMOUNT, FROZEN_AMT, APPLY_AMT, OPERATE_TIME, OPERATE_USER
  </sql>
  <select id="selectByPrimaryKey" resultMap="BaseResultMap" parameterType="java.lang.String" >
    select 
    <include refid="Base_Column_List" />
    from yj_redundancy_summary_h
    where SEQ_ID = #{seqId,jdbcType=VARCHAR}
  </select>
  <delete id="deleteByPrimaryKey" parameterType="java.lang.String" >
    delete from yj_redundancy_summary_h
    where SEQ_ID = #{seqId,jdbcType=VARCHAR}
  </delete>
  <insert id="insert" parameterType="entity.YjRedundancySummaryH" >
    insert into yj_redundancy_summary_h (SEQ_ID, SUMMARY_ID, CHANNEL_USER_ID, 
      COMMISSION_AMOUNT, COMMISSION_BALANCE, LOANS_AMOUNT, 
      CASHED_AMOUNT, FROZEN_AMT, APPLY_AMT, 
      OPERATE_TIME, OPERATE_USER)
    values (#{seqId,jdbcType=VARCHAR}, #{summaryId,jdbcType=VARCHAR}, #{channelUserId,jdbcType=VARCHAR}, 
      #{commissionAmount,jdbcType=DECIMAL}, #{commissionBalance,jdbcType=DECIMAL}, #{loansAmount,jdbcType=DECIMAL}, 
      #{cashedAmount,jdbcType=DECIMAL}, #{frozenAmt,jdbcType=DECIMAL}, #{applyAmt,jdbcType=DECIMAL}, 
      #{operateTime,jdbcType=TIMESTAMP}, #{operateUser,jdbcType=VARCHAR})
  </insert>
  <insert id="insertSelective" parameterType="entity.YjRedundancySummaryH" >
    insert into yj_redundancy_summary_h
    <trim prefix="(" suffix=")" suffixOverrides="," >
      <if test="seqId != null" >
        SEQ_ID,
      </if>
      <if test="summaryId != null" >
        SUMMARY_ID,
      </if>
      <if test="channelUserId != null" >
        CHANNEL_USER_ID,
      </if>
      <if test="commissionAmount != null" >
        COMMISSION_AMOUNT,
      </if>
      <if test="commissionBalance != null" >
        COMMISSION_BALANCE,
      </if>
      <if test="loansAmount != null" >
        LOANS_AMOUNT,
      </if>
      <if test="cashedAmount != null" >
        CASHED_AMOUNT,
      </if>
      <if test="frozenAmt != null" >
        FROZEN_AMT,
      </if>
      <if test="applyAmt != null" >
        APPLY_AMT,
      </if>
      <if test="operateTime != null" >
        OPERATE_TIME,
      </if>
      <if test="operateUser != null" >
        OPERATE_USER,
      </if>
    </trim>
    <trim prefix="values (" suffix=")" suffixOverrides="," >
      <if test="seqId != null" >
        #{seqId,jdbcType=VARCHAR},
      </if>
      <if test="summaryId != null" >
        #{summaryId,jdbcType=VARCHAR},
      </if>
      <if test="channelUserId != null" >
        #{channelUserId,jdbcType=VARCHAR},
      </if>
      <if test="commissionAmount != null" >
        #{commissionAmount,jdbcType=DECIMAL},
      </if>
      <if test="commissionBalance != null" >
        #{commissionBalance,jdbcType=DECIMAL},
      </if>
      <if test="loansAmount != null" >
        #{loansAmount,jdbcType=DECIMAL},
      </if>
      <if test="cashedAmount != null" >
        #{cashedAmount,jdbcType=DECIMAL},
      </if>
      <if test="frozenAmt != null" >
        #{frozenAmt,jdbcType=DECIMAL},
      </if>
      <if test="applyAmt != null" >
        #{applyAmt,jdbcType=DECIMAL},
      </if>
      <if test="operateTime != null" >
        #{operateTime,jdbcType=TIMESTAMP},
      </if>
      <if test="operateUser != null" >
        #{operateUser,jdbcType=VARCHAR},
      </if>
    </trim>
  </insert>
  <update id="updateByPrimaryKeySelective" parameterType="entity.YjRedundancySummaryH" >
    update yj_redundancy_summary_h
    <set >
      <if test="summaryId != null" >
        SUMMARY_ID = #{summaryId,jdbcType=VARCHAR},
      </if>
      <if test="channelUserId != null" >
        CHANNEL_USER_ID = #{channelUserId,jdbcType=VARCHAR},
      </if>
      <if test="commissionAmount != null" >
        COMMISSION_AMOUNT = #{commissionAmount,jdbcType=DECIMAL},
      </if>
      <if test="commissionBalance != null" >
        COMMISSION_BALANCE = #{commissionBalance,jdbcType=DECIMAL},
      </if>
      <if test="loansAmount != null" >
        LOANS_AMOUNT = #{loansAmount,jdbcType=DECIMAL},
      </if>
      <if test="cashedAmount != null" >
        CASHED_AMOUNT = #{cashedAmount,jdbcType=DECIMAL},
      </if>
      <if test="frozenAmt != null" >
        FROZEN_AMT = #{frozenAmt,jdbcType=DECIMAL},
      </if>
      <if test="applyAmt != null" >
        APPLY_AMT = #{applyAmt,jdbcType=DECIMAL},
      </if>
      <if test="operateTime != null" >
        OPERATE_TIME = #{operateTime,jdbcType=TIMESTAMP},
      </if>
      <if test="operateUser != null" >
        OPERATE_USER = #{operateUser,jdbcType=VARCHAR},
      </if>
    </set>
    where SEQ_ID = #{seqId,jdbcType=VARCHAR}
  </update>
  <update id="updateByPrimaryKey" parameterType="entity.YjRedundancySummaryH" >
    update yj_redundancy_summary_h
    set SUMMARY_ID = #{summaryId,jdbcType=VARCHAR},
      CHANNEL_USER_ID = #{channelUserId,jdbcType=VARCHAR},
      COMMISSION_AMOUNT = #{commissionAmount,jdbcType=DECIMAL},
      COMMISSION_BALANCE = #{commissionBalance,jdbcType=DECIMAL},
      LOANS_AMOUNT = #{loansAmount,jdbcType=DECIMAL},
      CASHED_AMOUNT = #{cashedAmount,jdbcType=DECIMAL},
      FROZEN_AMT = #{frozenAmt,jdbcType=DECIMAL},
      APPLY_AMT = #{applyAmt,jdbcType=DECIMAL},
      OPERATE_TIME = #{operateTime,jdbcType=TIMESTAMP},
      OPERATE_USER = #{operateUser,jdbcType=VARCHAR}
    where SEQ_ID = #{seqId,jdbcType=VARCHAR}
  </update>
</mapper>