<?xml version="1.0" encoding="UTF-8" ?>
<!DOCTYPE mapper PUBLIC "-//mybatis.org//DTD Mapper 3.0//EN" "http://mybatis.org/dtd/mybatis-3-mapper.dtd" >
<mapper namespace="dao.YjVoucherWaterMapper" >
  <resultMap id="BaseResultMap" type="entity.YjVoucherWater" >
    <constructor >
      <idArg column="VOUCHER_SERIALNO_ID" jdbcType="VARCHAR" javaType="java.lang.String" />
      <arg column="VOUCHER_NO" jdbcType="VARCHAR" javaType="java.lang.String" />
      <arg column="TRANSACTION_AMT" jdbcType="DECIMAL" javaType="java.math.BigDecimal" />
      <arg column="TRANSACTION_TIME" jdbcType="TIMESTAMP" javaType="java.util.Date" />
      <arg column="TRANSACTION_REF_ID" jdbcType="VARCHAR" javaType="java.lang.String" />
      <arg column="ENTRY_FLAG" jdbcType="CHAR" javaType="java.lang.String" />
      <arg column="TRANSACTION_TYPE" jdbcType="CHAR" javaType="java.lang.String" />
      <arg column="OPERATE_USER" jdbcType="VARCHAR" javaType="java.lang.String" />
      <arg column="OPERATE_TMIE" jdbcType="TIMESTAMP" javaType="java.util.Date" />
    </constructor>
  </resultMap>
  <sql id="Base_Column_List" >
    VOUCHER_SERIALNO_ID, VOUCHER_NO, TRANSACTION_AMT, TRANSACTION_TIME, TRANSACTION_REF_ID, 
    ENTRY_FLAG, TRANSACTION_TYPE, OPERATE_USER, OPERATE_TMIE
  </sql>
  <select id="selectByPrimaryKey" resultMap="BaseResultMap" parameterType="java.lang.String" >
    select 
    <include refid="Base_Column_List" />
    from yj_voucher_water
    where VOUCHER_SERIALNO_ID = #{voucherSerialnoId,jdbcType=VARCHAR}
  </select>
  <delete id="deleteByPrimaryKey" parameterType="java.lang.String" >
    delete from yj_voucher_water
    where VOUCHER_SERIALNO_ID = #{voucherSerialnoId,jdbcType=VARCHAR}
  </delete>
  <insert id="insert" parameterType="entity.YjVoucherWater" >
    insert into yj_voucher_water (VOUCHER_SERIALNO_ID, VOUCHER_NO, TRANSACTION_AMT, 
      TRANSACTION_TIME, TRANSACTION_REF_ID, ENTRY_FLAG, 
      TRANSACTION_TYPE, OPERATE_USER, OPERATE_TMIE
      )
    values (#{voucherSerialnoId,jdbcType=VARCHAR}, #{voucherNo,jdbcType=VARCHAR}, #{transactionAmt,jdbcType=DECIMAL}, 
      #{transactionTime,jdbcType=TIMESTAMP}, #{transactionRefId,jdbcType=VARCHAR}, #{entryFlag,jdbcType=CHAR}, 
      #{transactionType,jdbcType=CHAR}, #{operateUser,jdbcType=VARCHAR}, #{operateTmie,jdbcType=TIMESTAMP}
      )
  </insert>
  <insert id="insertSelective" parameterType="entity.YjVoucherWater" >
    insert into yj_voucher_water
    <trim prefix="(" suffix=")" suffixOverrides="," >
      <if test="voucherSerialnoId != null" >
        VOUCHER_SERIALNO_ID,
      </if>
      <if test="voucherNo != null" >
        VOUCHER_NO,
      </if>
      <if test="transactionAmt != null" >
        TRANSACTION_AMT,
      </if>
      <if test="transactionTime != null" >
        TRANSACTION_TIME,
      </if>
      <if test="transactionRefId != null" >
        TRANSACTION_REF_ID,
      </if>
      <if test="entryFlag != null" >
        ENTRY_FLAG,
      </if>
      <if test="transactionType != null" >
        TRANSACTION_TYPE,
      </if>
      <if test="operateUser != null" >
        OPERATE_USER,
      </if>
      <if test="operateTmie != null" >
        OPERATE_TMIE,
      </if>
    </trim>
    <trim prefix="values (" suffix=")" suffixOverrides="," >
      <if test="voucherSerialnoId != null" >
        #{voucherSerialnoId,jdbcType=VARCHAR},
      </if>
      <if test="voucherNo != null" >
        #{voucherNo,jdbcType=VARCHAR},
      </if>
      <if test="transactionAmt != null" >
        #{transactionAmt,jdbcType=DECIMAL},
      </if>
      <if test="transactionTime != null" >
        #{transactionTime,jdbcType=TIMESTAMP},
      </if>
      <if test="transactionRefId != null" >
        #{transactionRefId,jdbcType=VARCHAR},
      </if>
      <if test="entryFlag != null" >
        #{entryFlag,jdbcType=CHAR},
      </if>
      <if test="transactionType != null" >
        #{transactionType,jdbcType=CHAR},
      </if>
      <if test="operateUser != null" >
        #{operateUser,jdbcType=VARCHAR},
      </if>
      <if test="operateTmie != null" >
        #{operateTmie,jdbcType=TIMESTAMP},
      </if>
    </trim>
  </insert>
  <update id="updateByPrimaryKeySelective" parameterType="entity.YjVoucherWater" >
    update yj_voucher_water
    <set >
      <if test="voucherNo != null" >
        VOUCHER_NO = #{voucherNo,jdbcType=VARCHAR},
      </if>
      <if test="transactionAmt != null" >
        TRANSACTION_AMT = #{transactionAmt,jdbcType=DECIMAL},
      </if>
      <if test="transactionTime != null" >
        TRANSACTION_TIME = #{transactionTime,jdbcType=TIMESTAMP},
      </if>
      <if test="transactionRefId != null" >
        TRANSACTION_REF_ID = #{transactionRefId,jdbcType=VARCHAR},
      </if>
      <if test="entryFlag != null" >
        ENTRY_FLAG = #{entryFlag,jdbcType=CHAR},
      </if>
      <if test="transactionType != null" >
        TRANSACTION_TYPE = #{transactionType,jdbcType=CHAR},
      </if>
      <if test="operateUser != null" >
        OPERATE_USER = #{operateUser,jdbcType=VARCHAR},
      </if>
      <if test="operateTmie != null" >
        OPERATE_TMIE = #{operateTmie,jdbcType=TIMESTAMP},
      </if>
    </set>
    where VOUCHER_SERIALNO_ID = #{voucherSerialnoId,jdbcType=VARCHAR}
  </update>
  <update id="updateByPrimaryKey" parameterType="entity.YjVoucherWater" >
    update yj_voucher_water
    set VOUCHER_NO = #{voucherNo,jdbcType=VARCHAR},
      TRANSACTION_AMT = #{transactionAmt,jdbcType=DECIMAL},
      TRANSACTION_TIME = #{transactionTime,jdbcType=TIMESTAMP},
      TRANSACTION_REF_ID = #{transactionRefId,jdbcType=VARCHAR},
      ENTRY_FLAG = #{entryFlag,jdbcType=CHAR},
      TRANSACTION_TYPE = #{transactionType,jdbcType=CHAR},
      OPERATE_USER = #{operateUser,jdbcType=VARCHAR},
      OPERATE_TMIE = #{operateTmie,jdbcType=TIMESTAMP}
    where VOUCHER_SERIALNO_ID = #{voucherSerialnoId,jdbcType=VARCHAR}
  </update>
</mapper>