<?xml version="1.0" encoding="UTF-8" ?>
<!DOCTYPE mapper PUBLIC "-//mybatis.org//DTD Mapper 3.0//EN" "http://mybatis.org/dtd/mybatis-3-mapper.dtd" >
<mapper namespace="dao.YjWarterBussHMapper" >
  <resultMap id="BaseResultMap" type="entity.YjWarterBussH" >
    <constructor >
      <idArg column="SEQ_ID" jdbcType="VARCHAR" javaType="java.lang.String" />
      <arg column="WARTER_BUSS_ID" jdbcType="VARCHAR" javaType="java.lang.String" />
      <arg column="FOR_WATER_ID" jdbcType="VARCHAR" javaType="java.lang.String" />
      <arg column="COMPANY_USER_ID" jdbcType="VARCHAR" javaType="java.lang.String" />
      <arg column="BUSS_ID" jdbcType="VARCHAR" javaType="java.lang.String" />
      <arg column="CHANNEL_CUST_ID" jdbcType="VARCHAR" javaType="java.lang.String" />
      <arg column="CHANNEL_USER_ID" jdbcType="VARCHAR" javaType="java.lang.String" />
      <arg column="CHANNEL_CUST_NAME" jdbcType="VARCHAR" javaType="java.lang.String" />
      <arg column="COMPANY_NAME" jdbcType="VARCHAR" javaType="java.lang.String" />
      <arg column="CHANNEL_USER_NAME" jdbcType="VARCHAR" javaType="java.lang.String" />
      <arg column="LOANS_AMT" jdbcType="DECIMAL" javaType="java.math.BigDecimal" />
      <arg column="COMMISSION_RATIO" jdbcType="DECIMAL" javaType="java.math.BigDecimal" />
      <arg column="COMMISSION_AMT" jdbcType="DECIMAL" javaType="java.math.BigDecimal" />
      <arg column="CHANNEL_CUST_MOBILE" jdbcType="VARCHAR" javaType="java.lang.String" />
      <arg column="OPERATE_USER" jdbcType="VARCHAR" javaType="java.lang.String" />
      <arg column="OPERATE_TMIE" jdbcType="TIMESTAMP" javaType="java.util.Date" />
    </constructor>
  </resultMap>
  <sql id="Base_Column_List" >
    SEQ_ID, WARTER_BUSS_ID, FOR_WATER_ID, COMPANY_USER_ID, BUSS_ID, CHANNEL_CUST_ID, 
    CHANNEL_USER_ID, CHANNEL_CUST_NAME, COMPANY_NAME, CHANNEL_USER_NAME, LOANS_AMT, COMMISSION_RATIO, 
    COMMISSION_AMT, CHANNEL_CUST_MOBILE, OPERATE_USER, OPERATE_TMIE
  </sql>
  <select id="selectByPrimaryKey" resultMap="BaseResultMap" parameterType="java.lang.String" >
    select 
    <include refid="Base_Column_List" />
    from yj_warter_buss_h
    where SEQ_ID = #{seqId,jdbcType=VARCHAR}
  </select>
  <delete id="deleteByPrimaryKey" parameterType="java.lang.String" >
    delete from yj_warter_buss_h
    where SEQ_ID = #{seqId,jdbcType=VARCHAR}
  </delete>
  <insert id="insert" parameterType="entity.YjWarterBussH" >
    insert into yj_warter_buss_h (SEQ_ID, WARTER_BUSS_ID, FOR_WATER_ID, 
      COMPANY_USER_ID, BUSS_ID, CHANNEL_CUST_ID, 
      CHANNEL_USER_ID, CHANNEL_CUST_NAME, COMPANY_NAME, 
      CHANNEL_USER_NAME, LOANS_AMT, COMMISSION_RATIO, 
      COMMISSION_AMT, CHANNEL_CUST_MOBILE, OPERATE_USER, 
      OPERATE_TMIE)
    values (#{seqId,jdbcType=VARCHAR}, #{warterBussId,jdbcType=VARCHAR}, #{forWaterId,jdbcType=VARCHAR}, 
      #{companyUserId,jdbcType=VARCHAR}, #{bussId,jdbcType=VARCHAR}, #{channelCustId,jdbcType=VARCHAR}, 
      #{channelUserId,jdbcType=VARCHAR}, #{channelCustName,jdbcType=VARCHAR}, #{companyName,jdbcType=VARCHAR}, 
      #{channelUserName,jdbcType=VARCHAR}, #{loansAmt,jdbcType=DECIMAL}, #{commissionRatio,jdbcType=DECIMAL}, 
      #{commissionAmt,jdbcType=DECIMAL}, #{channelCustMobile,jdbcType=VARCHAR}, #{operateUser,jdbcType=VARCHAR}, 
      #{operateTmie,jdbcType=TIMESTAMP})
  </insert>
  <insert id="insertSelective" parameterType="entity.YjWarterBussH" >
    insert into yj_warter_buss_h
    <trim prefix="(" suffix=")" suffixOverrides="," >
      <if test="seqId != null" >
        SEQ_ID,
      </if>
      <if test="warterBussId != null" >
        WARTER_BUSS_ID,
      </if>
      <if test="forWaterId != null" >
        FOR_WATER_ID,
      </if>
      <if test="companyUserId != null" >
        COMPANY_USER_ID,
      </if>
      <if test="bussId != null" >
        BUSS_ID,
      </if>
      <if test="channelCustId != null" >
        CHANNEL_CUST_ID,
      </if>
      <if test="channelUserId != null" >
        CHANNEL_USER_ID,
      </if>
      <if test="channelCustName != null" >
        CHANNEL_CUST_NAME,
      </if>
      <if test="companyName != null" >
        COMPANY_NAME,
      </if>
      <if test="channelUserName != null" >
        CHANNEL_USER_NAME,
      </if>
      <if test="loansAmt != null" >
        LOANS_AMT,
      </if>
      <if test="commissionRatio != null" >
        COMMISSION_RATIO,
      </if>
      <if test="commissionAmt != null" >
        COMMISSION_AMT,
      </if>
      <if test="channelCustMobile != null" >
        CHANNEL_CUST_MOBILE,
      </if>
      <if test="operateUser != null" >
        OPERATE_USER,
      </if>
      <if test="operateTmie != null" >
        OPERATE_TMIE,
      </if>
    </trim>
    <trim prefix="values (" suffix=")" suffixOverrides="," >
      <if test="seqId != null" >
        #{seqId,jdbcType=VARCHAR},
      </if>
      <if test="warterBussId != null" >
        #{warterBussId,jdbcType=VARCHAR},
      </if>
      <if test="forWaterId != null" >
        #{forWaterId,jdbcType=VARCHAR},
      </if>
      <if test="companyUserId != null" >
        #{companyUserId,jdbcType=VARCHAR},
      </if>
      <if test="bussId != null" >
        #{bussId,jdbcType=VARCHAR},
      </if>
      <if test="channelCustId != null" >
        #{channelCustId,jdbcType=VARCHAR},
      </if>
      <if test="channelUserId != null" >
        #{channelUserId,jdbcType=VARCHAR},
      </if>
      <if test="channelCustName != null" >
        #{channelCustName,jdbcType=VARCHAR},
      </if>
      <if test="companyName != null" >
        #{companyName,jdbcType=VARCHAR},
      </if>
      <if test="channelUserName != null" >
        #{channelUserName,jdbcType=VARCHAR},
      </if>
      <if test="loansAmt != null" >
        #{loansAmt,jdbcType=DECIMAL},
      </if>
      <if test="commissionRatio != null" >
        #{commissionRatio,jdbcType=DECIMAL},
      </if>
      <if test="commissionAmt != null" >
        #{commissionAmt,jdbcType=DECIMAL},
      </if>
      <if test="channelCustMobile != null" >
        #{channelCustMobile,jdbcType=VARCHAR},
      </if>
      <if test="operateUser != null" >
        #{operateUser,jdbcType=VARCHAR},
      </if>
      <if test="operateTmie != null" >
        #{operateTmie,jdbcType=TIMESTAMP},
      </if>
    </trim>
  </insert>
  <update id="updateByPrimaryKeySelective" parameterType="entity.YjWarterBussH" >
    update yj_warter_buss_h
    <set >
      <if test="warterBussId != null" >
        WARTER_BUSS_ID = #{warterBussId,jdbcType=VARCHAR},
      </if>
      <if test="forWaterId != null" >
        FOR_WATER_ID = #{forWaterId,jdbcType=VARCHAR},
      </if>
      <if test="companyUserId != null" >
        COMPANY_USER_ID = #{companyUserId,jdbcType=VARCHAR},
      </if>
      <if test="bussId != null" >
        BUSS_ID = #{bussId,jdbcType=VARCHAR},
      </if>
      <if test="channelCustId != null" >
        CHANNEL_CUST_ID = #{channelCustId,jdbcType=VARCHAR},
      </if>
      <if test="channelUserId != null" >
        CHANNEL_USER_ID = #{channelUserId,jdbcType=VARCHAR},
      </if>
      <if test="channelCustName != null" >
        CHANNEL_CUST_NAME = #{channelCustName,jdbcType=VARCHAR},
      </if>
      <if test="companyName != null" >
        COMPANY_NAME = #{companyName,jdbcType=VARCHAR},
      </if>
      <if test="channelUserName != null" >
        CHANNEL_USER_NAME = #{channelUserName,jdbcType=VARCHAR},
      </if>
      <if test="loansAmt != null" >
        LOANS_AMT = #{loansAmt,jdbcType=DECIMAL},
      </if>
      <if test="commissionRatio != null" >
        COMMISSION_RATIO = #{commissionRatio,jdbcType=DECIMAL},
      </if>
      <if test="commissionAmt != null" >
        COMMISSION_AMT = #{commissionAmt,jdbcType=DECIMAL},
      </if>
      <if test="channelCustMobile != null" >
        CHANNEL_CUST_MOBILE = #{channelCustMobile,jdbcType=VARCHAR},
      </if>
      <if test="operateUser != null" >
        OPERATE_USER = #{operateUser,jdbcType=VARCHAR},
      </if>
      <if test="operateTmie != null" >
        OPERATE_TMIE = #{operateTmie,jdbcType=TIMESTAMP},
      </if>
    </set>
    where SEQ_ID = #{seqId,jdbcType=VARCHAR}
  </update>
  <update id="updateByPrimaryKey" parameterType="entity.YjWarterBussH" >
    update yj_warter_buss_h
    set WARTER_BUSS_ID = #{warterBussId,jdbcType=VARCHAR},
      FOR_WATER_ID = #{forWaterId,jdbcType=VARCHAR},
      COMPANY_USER_ID = #{companyUserId,jdbcType=VARCHAR},
      BUSS_ID = #{bussId,jdbcType=VARCHAR},
      CHANNEL_CUST_ID = #{channelCustId,jdbcType=VARCHAR},
      CHANNEL_USER_ID = #{channelUserId,jdbcType=VARCHAR},
      CHANNEL_CUST_NAME = #{channelCustName,jdbcType=VARCHAR},
      COMPANY_NAME = #{companyName,jdbcType=VARCHAR},
      CHANNEL_USER_NAME = #{channelUserName,jdbcType=VARCHAR},
      LOANS_AMT = #{loansAmt,jdbcType=DECIMAL},
      COMMISSION_RATIO = #{commissionRatio,jdbcType=DECIMAL},
      COMMISSION_AMT = #{commissionAmt,jdbcType=DECIMAL},
      CHANNEL_CUST_MOBILE = #{channelCustMobile,jdbcType=VARCHAR},
      OPERATE_USER = #{operateUser,jdbcType=VARCHAR},
      OPERATE_TMIE = #{operateTmie,jdbcType=TIMESTAMP}
    where SEQ_ID = #{seqId,jdbcType=VARCHAR}
  </update>
</mapper>