<?xml version="1.0" encoding="UTF-8" ?>
<!DOCTYPE mapper PUBLIC "-//mybatis.org//DTD Mapper 3.0//EN" "http://mybatis.org/dtd/mybatis-3-mapper.dtd" >
<mapper namespace="dao.YjWaterVoucherHMapper" >
  <resultMap id="BaseResultMap" type="entity.YjWaterVoucherH" >
    <constructor >
      <idArg column="SEQ_ID" jdbcType="VARCHAR" javaType="java.lang.String" />
      <arg column="WATER_VOUCHER_ID" jdbcType="VARCHAR" javaType="java.lang.String" />
      <arg column="FOR_WATER_ID" jdbcType="VARCHAR" javaType="java.lang.String" />
      <arg column="VOUCHER_NO" jdbcType="VARCHAR" javaType="java.lang.String" />
      <arg column="TRANSACTION_AMT" jdbcType="DECIMAL" javaType="java.math.BigDecimal" />
      <arg column="TRANSACTION_TIME" jdbcType="TIMESTAMP" javaType="java.util.Date" />
      <arg column="TRANSACTION_TYPE" jdbcType="CHAR" javaType="java.lang.String" />
      <arg column="OPERATE_USER" jdbcType="VARCHAR" javaType="java.lang.String" />
      <arg column="OPERATE_TMIE" jdbcType="TIMESTAMP" javaType="java.util.Date" />
    </constructor>
  </resultMap>
  <sql id="Base_Column_List" >
    SEQ_ID, WATER_VOUCHER_ID, FOR_WATER_ID, VOUCHER_NO, TRANSACTION_AMT, TRANSACTION_TIME, 
    TRANSACTION_TYPE, OPERATE_USER, OPERATE_TMIE
  </sql>
  <select id="selectByPrimaryKey" resultMap="BaseResultMap" parameterType="java.lang.String" >
    select 
    <include refid="Base_Column_List" />
    from yj_water_voucher_h
    where SEQ_ID = #{seqId,jdbcType=VARCHAR}
  </select>
  <delete id="deleteByPrimaryKey" parameterType="java.lang.String" >
    delete from yj_water_voucher_h
    where SEQ_ID = #{seqId,jdbcType=VARCHAR}
  </delete>
  <insert id="insert" parameterType="entity.YjWaterVoucherH" >
    insert into yj_water_voucher_h (SEQ_ID, WATER_VOUCHER_ID, FOR_WATER_ID, 
      VOUCHER_NO, TRANSACTION_AMT, TRANSACTION_TIME, 
      TRANSACTION_TYPE, OPERATE_USER, OPERATE_TMIE
      )
    values (#{seqId,jdbcType=VARCHAR}, #{waterVoucherId,jdbcType=VARCHAR}, #{forWaterId,jdbcType=VARCHAR}, 
      #{voucherNo,jdbcType=VARCHAR}, #{transactionAmt,jdbcType=DECIMAL}, #{transactionTime,jdbcType=TIMESTAMP}, 
      #{transactionType,jdbcType=CHAR}, #{operateUser,jdbcType=VARCHAR}, #{operateTmie,jdbcType=TIMESTAMP}
      )
  </insert>
  <insert id="insertSelective" parameterType="entity.YjWaterVoucherH" >
    insert into yj_water_voucher_h
    <trim prefix="(" suffix=")" suffixOverrides="," >
      <if test="seqId != null" >
        SEQ_ID,
      </if>
      <if test="waterVoucherId != null" >
        WATER_VOUCHER_ID,
      </if>
      <if test="forWaterId != null" >
        FOR_WATER_ID,
      </if>
      <if test="voucherNo != null" >
        VOUCHER_NO,
      </if>
      <if test="transactionAmt != null" >
        TRANSACTION_AMT,
      </if>
      <if test="transactionTime != null" >
        TRANSACTION_TIME,
      </if>
      <if test="transactionType != null" >
        TRANSACTION_TYPE,
      </if>
      <if test="operateUser != null" >
        OPERATE_USER,
      </if>
      <if test="operateTmie != null" >
        OPERATE_TMIE,
      </if>
    </trim>
    <trim prefix="values (" suffix=")" suffixOverrides="," >
      <if test="seqId != null" >
        #{seqId,jdbcType=VARCHAR},
      </if>
      <if test="waterVoucherId != null" >
        #{waterVoucherId,jdbcType=VARCHAR},
      </if>
      <if test="forWaterId != null" >
        #{forWaterId,jdbcType=VARCHAR},
      </if>
      <if test="voucherNo != null" >
        #{voucherNo,jdbcType=VARCHAR},
      </if>
      <if test="transactionAmt != null" >
        #{transactionAmt,jdbcType=DECIMAL},
      </if>
      <if test="transactionTime != null" >
        #{transactionTime,jdbcType=TIMESTAMP},
      </if>
      <if test="transactionType != null" >
        #{transactionType,jdbcType=CHAR},
      </if>
      <if test="operateUser != null" >
        #{operateUser,jdbcType=VARCHAR},
      </if>
      <if test="operateTmie != null" >
        #{operateTmie,jdbcType=TIMESTAMP},
      </if>
    </trim>
  </insert>
  <update id="updateByPrimaryKeySelective" parameterType="entity.YjWaterVoucherH" >
    update yj_water_voucher_h
    <set >
      <if test="waterVoucherId != null" >
        WATER_VOUCHER_ID = #{waterVoucherId,jdbcType=VARCHAR},
      </if>
      <if test="forWaterId != null" >
        FOR_WATER_ID = #{forWaterId,jdbcType=VARCHAR},
      </if>
      <if test="voucherNo != null" >
        VOUCHER_NO = #{voucherNo,jdbcType=VARCHAR},
      </if>
      <if test="transactionAmt != null" >
        TRANSACTION_AMT = #{transactionAmt,jdbcType=DECIMAL},
      </if>
      <if test="transactionTime != null" >
        TRANSACTION_TIME = #{transactionTime,jdbcType=TIMESTAMP},
      </if>
      <if test="transactionType != null" >
        TRANSACTION_TYPE = #{transactionType,jdbcType=CHAR},
      </if>
      <if test="operateUser != null" >
        OPERATE_USER = #{operateUser,jdbcType=VARCHAR},
      </if>
      <if test="operateTmie != null" >
        OPERATE_TMIE = #{operateTmie,jdbcType=TIMESTAMP},
      </if>
    </set>
    where SEQ_ID = #{seqId,jdbcType=VARCHAR}
  </update>
  <update id="updateByPrimaryKey" parameterType="entity.YjWaterVoucherH" >
    update yj_water_voucher_h
    set WATER_VOUCHER_ID = #{waterVoucherId,jdbcType=VARCHAR},
      FOR_WATER_ID = #{forWaterId,jdbcType=VARCHAR},
      VOUCHER_NO = #{voucherNo,jdbcType=VARCHAR},
      TRANSACTION_AMT = #{transactionAmt,jdbcType=DECIMAL},
      TRANSACTION_TIME = #{transactionTime,jdbcType=TIMESTAMP},
      TRANSACTION_TYPE = #{transactionType,jdbcType=CHAR},
      OPERATE_USER = #{operateUser,jdbcType=VARCHAR},
      OPERATE_TMIE = #{operateTmie,jdbcType=TIMESTAMP}
    where SEQ_ID = #{seqId,jdbcType=VARCHAR}
  </update>
</mapper>